Date,solar_power_kW
31-05-2018 23:00,0.0
01-06-2018 00:00,0.0
01-06-2018 01:00,0.0
01-06-2018 02:00,0.0
01-06-2018 03:00,0.0
01-06-2018 04:00,2.2424156370864847
01-06-2018 05:00,80.04930985797192
01-06-2018 06:00,296.73812199775216
01-06-2018 07:00,579.713726047012
01-06-2018 08:00,1045.717265749677
01-06-2018 09:00,1258.5865787273867
01-06-2018 10:00,1969.5678662992307
01-06-2018 11:00,2406.912841321329
01-06-2018 12:00,2148.7270189304095
01-06-2018 13:00,2096.7695093612137
01-06-2018 14:00,1417.07115202323
01-06-2018 15:00,922.1749493042583
01-06-2018 16:00,929.6784170129708
01-06-2018 17:00,346.04662408357694
01-06-2018 18:00,117.70217901696257
01-06-2018 19:00,104.34625291475515
01-06-2018 20:00,27.41414721163422
01-06-2018 21:00,0.0
01-06-2018 22:00,0.0
01-06-2018 23:00,0.0
02-06-2018 00:00,0.0
02-06-2018 01:00,0.0
02-06-2018 02:00,0.0
02-06-2018 03:00,0.0
02-06-2018 04:00,0.0
02-06-2018 05:00,14.588022606101086
02-06-2018 06:00,57.354092256250475
02-06-2018 07:00,114.17838301582667
02-06-2018 08:00,193.4268301462677
02-06-2018 09:00,286.7088564560577
02-06-2018 10:00,420.2188336179761
02-06-2018 11:00,514.7206354666208
02-06-2018 12:00,842.1749233064422
02-06-2018 13:00,870.2420816651401
02-06-2018 14:00,788.5540834569896
02-06-2018 15:00,694.1015654685006
02-06-2018 16:00,655.7464013022906
02-06-2018 17:00,329.83223409233625
02-06-2018 18:00,221.5309514000824
02-06-2018 19:00,96.65797073045863
02-06-2018 20:00,21.35223241247735
02-06-2018 21:00,0.0
02-06-2018 22:00,0.0
02-06-2018 23:00,0.0
03-06-2018 00:00,0.0
03-06-2018 01:00,0.0
03-06-2018 02:00,0.0
03-06-2018 03:00,0.0
03-06-2018 04:00,2.649007483371397
03-06-2018 05:00,94.53876474376152
03-06-2018 06:00,364.5650345370989
03-06-2018 07:00,567.0847368821019
03-06-2018 08:00,1072.2566244435466
03-06-2018 09:00,1765.840709380412
03-06-2018 10:00,2151.597803784482
03-06-2018 11:00,2647.504325636646
03-06-2018 12:00,2785.7209114434386
03-06-2018 13:00,2962.255698521324
03-06-2018 14:00,2800.3705388747344
03-06-2018 15:00,2414.0097171837565
03-06-2018 16:00,1916.6493214569975
03-06-2018 17:00,1262.9728422812484
03-06-2018 18:00,723.4624251562868
03-06-2018 19:00,424.0629747101243
03-06-2018 20:00,55.90021838165594
03-06-2018 21:00,0.0
03-06-2018 22:00,0.0
03-06-2018 23:00,0.0
04-06-2018 00:00,0.0
04-06-2018 01:00,0.0
04-06-2018 02:00,0.0
04-06-2018 03:00,0.0
04-06-2018 04:00,2.5627607280988394
04-06-2018 05:00,67.29711104267241
04-06-2018 06:00,233.61781810327932
04-06-2018 07:00,443.49313657652755
04-06-2018 08:00,681.2507989328896
04-06-2018 09:00,961.0352730370648
04-06-2018 10:00,1293.220811451838
04-06-2018 11:00,1835.947000451962
04-06-2018 12:00,2025.3448750304974
04-06-2018 13:00,2066.4229724703123
04-06-2018 14:00,1802.1382723851195
04-06-2018 15:00,1680.7890877166317
04-06-2018 16:00,1228.8068062282769
04-06-2018 17:00,871.4741781690337
04-06-2018 18:00,417.7792825402666
04-06-2018 19:00,111.94828834377911
04-06-2018 20:00,9.548747905175965
04-06-2018 21:00,0.0
04-06-2018 22:00,0.0
04-06-2018 23:00,0.0
05-06-2018 00:00,0.0
05-06-2018 01:00,0.0
05-06-2018 02:00,0.0
05-06-2018 03:00,0.0
05-06-2018 04:00,0.0
05-06-2018 05:00,42.29787297866979
05-06-2018 06:00,153.81492754608612
05-06-2018 07:00,343.90277616680197
05-06-2018 08:00,598.6880122069746
05-06-2018 09:00,938.2907715751876
05-06-2018 10:00,1332.2905915903063
05-06-2018 11:00,1824.9690206022692
05-06-2018 12:00,2277.1361165662083
05-06-2018 13:00,2630.0701601065507
05-06-2018 14:00,2978.0142128061243
05-06-2018 15:00,2767.7939073117855
05-06-2018 16:00,2250.904781998312
05-06-2018 17:00,1652.30301654661
05-06-2018 18:00,1035.4662228372815
05-06-2018 19:00,486.4933045624167
05-06-2018 20:00,102.27633078821378
05-06-2018 21:00,0.0
05-06-2018 22:00,0.0
05-06-2018 23:00,0.0
06-06-2018 00:00,0.0
06-06-2018 01:00,0.0
06-06-2018 02:00,0.0
06-06-2018 03:00,0.0
06-06-2018 04:00,3.8318201271093226
06-06-2018 05:00,141.40771575187682
06-06-2018 06:00,520.8195131608944
06-06-2018 07:00,1069.0285316033453
06-06-2018 08:00,1703.0161086468736
06-06-2018 09:00,2304.057425176285
06-06-2018 10:00,2782.6406701837045
06-06-2018 11:00,3129.7715391907077
06-06-2018 12:00,3279.421980553633
06-06-2018 13:00,3287.837199675227
06-06-2018 14:00,2980.4660848488725
06-06-2018 15:00,2626.0165626087405
06-06-2018 16:00,2198.5653225129086
06-06-2018 17:00,1612.6048671911558
06-06-2018 18:00,972.9866091248334
06-06-2018 19:00,456.2946192519828
06-06-2018 20:00,99.98463129097155
06-06-2018 21:00,0.0
06-06-2018 22:00,0.0
05-06-2018 23:00,0.0
06-06-2018 00:00,0.0
06-06-2018 01:00,0.0
06-06-2018 02:00,0.0
06-06-2018 03:00,0.0
06-06-2018 04:00,3.8318201271093226
06-06-2018 05:00,141.40771575187682
06-06-2018 06:00,520.8195131608944
06-06-2018 07:00,1069.0285316033453
06-06-2018 08:00,1703.0161086468736
06-06-2018 09:00,2304.057425176285
06-06-2018 10:00,2782.6406701837045
06-06-2018 11:00,3129.7715391907077
06-06-2018 12:00,3279.421980553633
06-06-2018 13:00,3287.837199675227
06-06-2018 14:00,2980.4660848488725
06-06-2018 15:00,2626.0165626087405
06-06-2018 16:00,2198.5653225129086
06-06-2018 17:00,1612.6048671911558
06-06-2018 18:00,972.9866091248334
06-06-2018 19:00,456.2946192519828
06-06-2018 20:00,99.98463129097155
06-06-2018 21:00,0.0
06-06-2018 22:00,0.0
06-06-2018 23:00,0.0
07-06-2018 00:00,0.0
07-06-2018 01:00,0.0
07-06-2018 02:00,0.0
07-06-2018 03:00,0.0
07-06-2018 04:00,7.30633226808948
07-06-2018 05:00,145.80630027077726
07-06-2018 06:00,515.8788061802808
07-06-2018 07:00,1069.5829750300975
07-06-2018 08:00,1696.7693793721326
07-06-2018 09:00,2254.588750544954
07-06-2018 10:00,2733.3444890629185
07-06-2018 11:00,3089.1123545622168
07-06-2018 12:00,3216.178467008771
07-06-2018 13:00,3175.0141228136836
07-06-2018 14:00,2926.3031225377067
07-06-2018 15:00,2448.779480523636
07-06-2018 16:00,2072.916121045832
07-06-2018 17:00,1516.168673831398
07-06-2018 18:00,824.6668319861132
07-06-2018 19:00,288.5200383167814
07-06-2018 20:00,73.3959887369461
07-06-2018 21:00,0.0
07-06-2018 22:00,0.0
07-06-2018 23:00,0.0
08-06-2018 00:00,0.0
08-06-2018 01:00,0.0
08-06-2018 02:00,0.0
08-06-2018 03:00,0.0
08-06-2018 04:00,5.87710032357282
08-06-2018 05:00,68.76330588230589
08-06-2018 06:00,210.18334259922165
08-06-2018 07:00,337.52051627663275
08-06-2018 08:00,424.3709988360977
08-06-2018 09:00,496.49792817403335
08-06-2018 10:00,478.6694917626919
08-06-2018 11:00,494.1323028865575
08-06-2018 12:00,616.4794857231992
08-06-2018 13:00,1053.2207334583895
08-06-2018 14:00,1445.2491990672784
08-06-2018 15:00,1430.4024361953595
08-06-2018 16:00,569.6721395402786
08-06-2018 17:00,187.69758140316213
08-06-2018 18:00,134.6927898056563
08-06-2018 19:00,45.365793273365036
08-06-2018 20:00,2.895426784150131
08-06-2018 21:00,0.0
08-06-2018 22:00,0.0
08-06-2018 23:00,0.0
09-06-2018 00:00,0.0
09-06-2018 01:00,0.0
09-06-2018 02:00,0.0
09-06-2018 03:00,0.0
09-06-2018 04:00,0.0
09-06-2018 05:00,26.798098959687383
09-06-2018 06:00,140.84095136008574
09-06-2018 07:00,464.54966582807043
09-06-2018 08:00,957.881105987097
09-06-2018 09:00,1764.2266629603112
09-06-2018 10:00,1810.8984785278035
09-06-2018 11:00,1831.0432563664651
09-06-2018 12:00,2502.141580107271
09-06-2018 13:00,2333.7386299550835
09-06-2018 14:00,1750.5011079069357
09-06-2018 15:00,1849.5370248899092
09-06-2018 16:00,1799.9574615732276
09-06-2018 17:00,1433.1500113990423
09-06-2018 18:00,662.6338207590562
09-06-2018 19:00,269.9153811079869
09-06-2018 20:00,61.111986593126176
09-06-2018 21:00,0.0
09-06-2018 22:00,0.0
09-06-2018 23:00,0.0
10-06-2018 00:00,0.0
10-06-2018 01:00,0.0
10-06-2018 02:00,0.0
10-06-2018 03:00,0.0
10-06-2018 04:00,2.722933273605017
10-06-2018 05:00,66.44696445498577
10-06-2018 06:00,235.07169197787385
10-06-2018 07:00,520.9920066714395
10-06-2018 08:00,820.403778082641
10-06-2018 09:00,1424.3035585010857
10-06-2018 10:00,2350.9510181144783
10-06-2018 11:00,2467.445742557625
10-06-2018 12:00,2318.9041880482037
10-06-2018 13:00,2273.686246355306
10-06-2018 14:00,2307.6674679326934
10-06-2018 15:00,2252.9007783346196
10-06-2018 16:00,1945.6035892984987
10-06-2018 17:00,1414.2126881341967
10-06-2018 18:00,1006.0191163942228
10-06-2018 19:00,539.029899488443
10-06-2018 20:00,128.3474928106039
10-06-2018 21:00,0.0
10-06-2018 22:00,0.0
10-06-2018 23:00,0.0
11-06-2018 00:00,0.0
11-06-2018 01:00,0.0
11-06-2018 02:00,0.0
11-06-2018 03:00,0.0
11-06-2018 04:00,4.127523288043804
11-06-2018 05:00,135.30883805760314
11-06-2018 06:00,445.3659232624459
11-06-2018 07:00,963.1051951636061
11-06-2018 08:00,1721.7439755060575
11-06-2018 09:00,2245.1632122901674
11-06-2018 10:00,2718.633256806428
11-06-2018 11:00,2372.4511021074227
11-06-2018 12:00,2442.7422076545568
11-06-2018 13:00,2812.112418556841
11-06-2018 14:00,3179.203250926922
11-06-2018 15:00,2600.9557197195436
11-06-2018 16:00,2206.8080481239576
11-06-2018 17:00,1253.8060442922795
11-06-2018 18:00,990.2975650045396
11-06-2018 19:00,458.8820219101595
11-06-2018 20:00,81.62639338295583
11-06-2018 21:00,0.0
11-06-2018 22:00,0.0
10-06-2018 23:00,0.0
11-06-2018 00:00,0.0
11-06-2018 01:00,0.0
11-06-2018 02:00,0.0
11-06-2018 03:00,0.0
11-06-2018 04:00,4.127523288043804
11-06-2018 05:00,135.30883805760314
11-06-2018 06:00,445.3659232624459
11-06-2018 07:00,963.1051951636061
11-06-2018 08:00,1721.7439755060575
11-06-2018 09:00,2245.1632122901674
11-06-2018 10:00,2718.633256806428
11-06-2018 11:00,2372.4511021074227
11-06-2018 12:00,2442.7422076545568
11-06-2018 13:00,2812.112418556841
11-06-2018 14:00,3179.203250926922
11-06-2018 15:00,2600.9557197195436
11-06-2018 16:00,2206.8080481239576
11-06-2018 17:00,1253.8060442922795
11-06-2018 18:00,990.2975650045396
11-06-2018 19:00,458.8820219101595
11-06-2018 20:00,81.62639338295583
11-06-2018 21:00,0.0
11-06-2018 22:00,0.0
11-06-2018 23:00,0.0
12-06-2018 00:00,0.0
12-06-2018 01:00,0.0
12-06-2018 02:00,0.0
12-06-2018 03:00,0.0
12-06-2018 04:00,3.0679202946952455
12-06-2018 05:00,65.05469540558593
12-06-2018 06:00,197.07383579779298
12-06-2018 07:00,280.05553533503183
12-06-2018 08:00,381.5556453257926
12-06-2018 09:00,526.2037748829098
12-06-2018 10:00,568.9205606729034
12-06-2018 11:00,648.3538222789285
12-06-2018 12:00,728.1813547661995
12-06-2018 13:00,1009.4443446750472
12-06-2018 14:00,1334.902636178561
12-06-2018 15:00,1377.0649785418025
12-06-2018 16:00,1319.3412573343837
12-06-2018 17:00,952.0040056635243
12-06-2018 18:00,763.6410921482595
12-06-2018 19:00,285.67389539278696
12-06-2018 20:00,31.52934953463909
12-06-2018 21:00,0.0
12-06-2018 22:00,0.0
12-06-2018 23:00,0.0
13-06-2018 00:00,0.0
13-06-2018 01:00,0.0
13-06-2018 02:00,0.0
13-06-2018 03:00,0.0
13-06-2018 04:00,3.499154071058031
13-06-2018 05:00,86.653347118842
13-06-2018 06:00,243.8442190855968
13-06-2018 07:00,305.64617972090343
13-06-2018 08:00,596.9507561364845
13-06-2018 09:00,1056.8923810399926
13-06-2018 10:00,1141.5743737526047
13-06-2018 11:00,1033.7412877318304
13-06-2018 12:00,2376.504699605233
13-06-2018 13:00,2775.864139412289
13-06-2018 14:00,2998.45469380572
13-06-2018 15:00,2714.000573951788
13-06-2018 16:00,2287.8183932549664
13-06-2018 17:00,1702.2152459193426
13-06-2018 18:00,891.7298446930457
13-06-2018 19:00,368.2613240487799
13-06-2018 20:00,77.36333947948371
13-06-2018 21:00,0.0
13-06-2018 22:00,0.0
13-06-2018 23:00,0.0
14-06-2018 00:00,0.0
14-06-2018 01:00,0.0
14-06-2018 02:00,0.0
14-06-2018 03:00,0.0
14-06-2018 04:00,3.9673507425376267
14-06-2018 05:00,100.1694457665556
14-06-2018 06:00,296.3684930465841
14-06-2018 07:00,1046.4318817219353
14-06-2018 08:00,1329.5306954215846
14-06-2018 09:00,1895.716001855844
14-06-2018 10:00,1055.450828130437
14-06-2018 11:00,821.5989116914179
14-06-2018 12:00,614.4095635966578
14-06-2018 13:00,1038.7928833977944
14-06-2018 14:00,683.5548193951707
14-06-2018 15:00,402.08237308066117
14-06-2018 16:00,592.8232328484407
14-06-2018 17:00,625.091840285416
14-06-2018 18:00,403.8935549413849
14-06-2018 19:00,181.05658124717522
14-06-2018 20:00,52.83229808696069
14-06-2018 21:00,0.0
14-06-2018 22:00,0.0
14-06-2018 23:00,0.0
15-06-2018 00:00,0.0
15-06-2018 01:00,0.0
15-06-2018 02:00,0.0
15-06-2018 03:00,0.0
15-06-2018 04:00,7.035271037232872
15-06-2018 05:00,91.52012830922202
15-06-2018 06:00,387.2602521388203
15-06-2018 07:00,937.1818847216833
15-06-2018 08:00,1494.5700221181419
15-06-2018 09:00,2022.9915707080604
15-06-2018 10:00,2471.6348706708636
15-06-2018 11:00,2765.3173933389594
15-06-2018 12:00,3173.2275828830375
15-06-2018 13:00,2692.8454769799337
15-06-2018 14:00,2290.8986345147005
15-06-2018 15:00,2349.6696377504286
15-06-2018 16:00,2154.357699953204
15-06-2018 17:00,1288.8345478979766
15-06-2018 18:00,784.4265601689458
15-06-2018 19:00,337.9763919830734
15-06-2018 20:00,13.602345402986149
15-06-2018 21:00,2.895426784150131
15-06-2018 22:00,0.0
15-06-2018 23:00,0.0
16-06-2018 00:00,0.0
16-06-2018 01:00,0.0
16-06-2018 02:00,0.0
16-06-2018 03:00,0.0
16-06-2018 04:00,0.0
16-06-2018 05:00,76.38998324140772
16-06-2018 06:00,315.6754452625979
16-06-2018 07:00,555.2689314097615
16-06-2018 08:00,880.8504325636646
16-06-2018 09:00,1264.3651113306482
16-06-2018 10:00,1210.6333827958451
16-06-2018 11:00,2035.4234244323475
16-06-2018 12:00,2219.510963079101
16-06-2018 13:00,1288.3663512264968
16-06-2018 14:00,1594.8133936749311
16-06-2018 15:00,2371.366857183996
16-06-2018 16:00,1721.9041480515637
16-06-2018 17:00,1254.1633522784086
16-06-2018 18:00,951.5481299570836
16-06-2018 19:00,539.1531091388323
16-06-2018 20:00,158.5708200511157
16-06-2018 21:00,0.0
16-06-2018 22:00,0.0
15-06-2018 23:00,0.0
16-06-2018 00:00,0.0
16-06-2018 01:00,0.0
16-06-2018 02:00,0.0
16-06-2018 03:00,0.0
16-06-2018 04:00,0.0
16-06-2018 05:00,76.38998324140772
16-06-2018 06:00,315.6754452625979
16-06-2018 07:00,555.2689314097615
16-06-2018 08:00,880.8504325636646
16-06-2018 09:00,1264.3651113306482
16-06-2018 10:00,1210.6333827958451
16-06-2018 11:00,2035.4234244323475
16-06-2018 12:00,2219.510963079101
16-06-2018 13:00,1288.3663512264968
16-06-2018 14:00,1594.8133936749311
16-06-2018 15:00,2371.366857183996
16-06-2018 16:00,1721.9041480515637
16-06-2018 17:00,1254.1633522784086
16-06-2018 18:00,951.5481299570836
16-06-2018 19:00,539.1531091388323
16-06-2018 20:00,158.5708200511157
16-06-2018 21:00,0.0
16-06-2018 22:00,0.0
16-06-2018 23:00,0.0
17-06-2018 00:00,0.0
17-06-2018 01:00,0.0
17-06-2018 02:00,0.0
17-06-2018 03:00,0.0
17-06-2018 04:00,5.901742253650693
17-06-2018 05:00,84.82984429307938
17-06-2018 06:00,356.2976669959723
17-06-2018 07:00,703.576387583443
17-06-2018 08:00,763.0620067914294
17-06-2018 09:00,1254.3235248239148
17-06-2018 10:00,1757.462453153935
17-06-2018 11:00,2227.1746033333197
17-06-2018 12:00,2660.7863259486203
17-06-2018 13:00,1920.5057835141847
17-06-2018 14:00,1901.0633006827425
17-06-2018 15:00,1526.7770247299227
17-06-2018 16:00,1149.5706800628745
17-06-2018 17:00,1111.3756884421707
17-06-2018 18:00,622.6153263125897
17-06-2018 19:00,224.67279748501124
17-06-2018 20:00,70.43895712760127
17-06-2018 21:00,3.31433959547398
17-06-2018 22:00,0.0
17-06-2018 23:00,0.0
18-06-2018 00:00,0.0
18-06-2018 01:00,0.0
18-06-2018 02:00,0.0
18-06-2018 03:00,0.0
18-06-2018 04:00,0.0
18-06-2018 05:00,26.85970378488207
18-06-2018 06:00,87.65134528699589
18-06-2018 07:00,155.33040624587534
18-06-2018 08:00,352.3303162534347
18-06-2018 09:00,729.8939689066118
18-06-2018 10:00,1032.7679314937545
18-06-2018 11:00,1266.5705640726178
18-06-2018 12:00,1140.8597577803464
18-06-2018 13:00,1047.2820283096219
18-06-2018 14:00,1136.276358785862
18-06-2018 15:00,1213.553451510073
18-06-2018 16:00,916.2608860855687
18-06-2018 17:00,1168.4587194675646
18-06-2018 18:00,1112.7433155614929
18-06-2018 19:00,514.3140436203358
18-06-2018 20:00,121.4723943188772
18-06-2018 21:00,0.0
18-06-2018 22:00,0.0
18-06-2018 23:00,0.0
19-06-2018 00:00,0.0
19-06-2018 01:00,0.0
19-06-2018 02:00,0.0
19-06-2018 03:00,0.0
19-06-2018 04:00,2.1684898468528644
19-06-2018 05:00,56.33145215801872
19-06-2018 06:00,156.4269721343407
19-06-2018 07:00,336.18985205242757
19-06-2018 08:00,447.09085836789706
19-06-2018 09:00,748.7080825210681
19-06-2018 10:00,1020.7426696157522
19-06-2018 11:00,1435.4170689662067
19-06-2018 12:00,2176.6093628135236
19-06-2018 13:00,1625.0120789853652
19-06-2018 14:00,1687.553297523008
19-06-2018 15:00,1800.1669179788896
19-06-2018 16:00,1706.6631142983988
19-06-2018 17:00,959.0146347706792
19-06-2018 18:00,426.9337595641966
19-06-2018 19:00,293.4361033673171
19-06-2018 20:00,118.74946104527218
19-06-2018 21:00,3.5977217913695245
19-06-2018 22:00,0.0
19-06-2018 23:00,0.0
20-06-2018 00:00,0.0
20-06-2018 01:00,0.0
20-06-2018 02:00,0.0
20-06-2018 03:00,0.0
20-06-2018 04:00,6.961345246999252
20-06-2018 05:00,84.81752332804044
20-06-2018 06:00,188.89271501193898
20-06-2018 07:00,309.14533379196143
20-06-2018 08:00,443.9366913179293
20-06-2018 09:00,641.6758592278248
20-06-2018 10:00,771.711324248763
20-06-2018 11:00,966.259362213574
20-06-2018 12:00,1427.3345159006642
20-06-2018 13:00,2080.7768967406737
20-06-2018 14:00,2226.977467892697
20-06-2018 15:00,2262.1661440439
20-06-2018 16:00,2038.7624059578993
20-06-2018 17:00,1776.7817263349878
20-06-2018 18:00,1095.962161178461
20-06-2018 19:00,478.85430623827597
20-06-2018 20:00,58.10567112362561
20-06-2018 21:00,0.0
20-06-2018 22:00,0.0
20-06-2018 23:00,0.0
21-06-2018 00:00,0.0
21-06-2018 01:00,0.0
21-06-2018 02:00,0.0
21-06-2018 03:00,0.0
21-06-2018 04:00,0.0
21-06-2018 05:00,52.7337303666492
21-06-2018 06:00,120.06780430443843
21-06-2018 07:00,341.9314217605721
21-06-2018 08:00,1425.449408249707
21-06-2018 09:00,2100.6998972086344
21-06-2018 10:00,2321.208208510485
21-06-2018 11:00,2332.297077045528
21-06-2018 12:00,2229.121315809472
21-06-2018 13:00,2216.2828702388997
21-06-2018 14:00,2082.7112882517868
21-06-2018 15:00,2129.6911279452524
21-06-2018 16:00,1582.4924286359944
21-06-2018 17:00,1300.0835889785258
21-06-2018 18:00,834.4989620871846
21-06-2018 19:00,480.8749445046616
21-06-2018 20:00,105.40585590810372
21-06-2018 21:00,0.0
21-06-2018 22:00,0.0
20-06-2018 23:00,0.0
21-06-2018 00:00,0.0
21-06-2018 01:00,0.0
21-06-2018 02:00,0.0
21-06-2018 03:00,0.0
21-06-2018 04:00,0.0
21-06-2018 05:00,52.7337303666492
21-06-2018 06:00,120.06780430443843
21-06-2018 07:00,341.9314217605721
21-06-2018 08:00,1425.449408249707
21-06-2018 09:00,2100.6998972086344
21-06-2018 10:00,2321.208208510485
21-06-2018 11:00,2332.297077045528
21-06-2018 12:00,2229.121315809472
21-06-2018 13:00,2216.2828702388997
21-06-2018 14:00,2082.7112882517868
21-06-2018 15:00,2129.6911279452524
21-06-2018 16:00,1582.4924286359944
21-06-2018 17:00,1300.0835889785258
21-06-2018 18:00,834.4989620871846
21-06-2018 19:00,480.8749445046616
21-06-2018 20:00,105.40585590810372
21-06-2018 21:00,0.0
21-06-2018 22:00,0.0
21-06-2018 23:00,0.0
22-06-2018 00:00,0.0
22-06-2018 01:00,0.0
22-06-2018 02:00,0.0
22-06-2018 03:00,0.0
22-06-2018 04:00,2.217773707008611
22-06-2018 05:00,31.62791725495058
22-06-2018 06:00,113.61161862403557
22-06-2018 07:00,215.22261730014677
22-06-2018 08:00,642.1810187944212
22-06-2018 09:00,1291.446592486231
22-06-2018 10:00,1408.2616620203903
22-06-2018 11:00,1807.8552001631863
22-06-2018 12:00,2207.621231816527
22-06-2018 13:00,1556.5444762639938
22-06-2018 14:00,1204.3496906259873
22-06-2018 15:00,1053.0359189828055
22-06-2018 16:00,757.2957951532071
22-06-2018 17:00,633.1743933509584
22-06-2018 18:00,350.4575295675163
22-06-2018 19:00,135.61686218357656
22-06-2018 20:00,102.2147259630191
22-06-2018 21:00,9.117514128813179
22-06-2018 22:00,0.0
22-06-2018 23:00,0.0
23-06-2018 00:00,0.0
23-06-2018 01:00,0.0
23-06-2018 02:00,0.0
23-06-2018 03:00,0.0
23-06-2018 04:00,3.006315469500562
23-06-2018 05:00,97.64364793357358
23-06-2018 06:00,359.0082793045384
23-06-2018 07:00,722.7231672539506
23-06-2018 08:00,522.0146467696713
23-06-2018 09:00,731.3971266413621
23-06-2018 10:00,1278.9900968318661
23-06-2018 11:00,2206.4014562776724
23-06-2018 12:00,2562.477345902944
23-06-2018 13:00,2739.911563428672
23-06-2018 14:00,3019.523544022302
23-06-2018 15:00,2425.3203630895005
23-06-2018 16:00,1800.1299550837728
23-06-2018 17:00,1105.104317237352
23-06-2018 18:00,564.2509149231464
23-06-2018 19:00,261.8697909375612
23-06-2018 20:00,73.802580583231
23-06-2018 21:00,3.129525119889929
23-06-2018 22:00,0.0
23-06-2018 23:00,0.0
24-06-2018 00:00,0.0
24-06-2018 01:00,0.0
24-06-2018 02:00,0.0
24-06-2018 03:00,0.0
24-06-2018 04:00,7.220085512816923
24-06-2018 05:00,119.53800280776414
24-06-2018 06:00,333.9474364153411
24-06-2018 07:00,642.6861783610176
24-06-2018 08:00,891.5819931125785
24-06-2018 09:00,1187.5562152779166
24-06-2018 10:00,1659.4368553041543
24-06-2018 11:00,2034.523993984505
24-06-2018 12:00,1848.1077929453925
24-06-2018 13:00,1720.277780666424
24-06-2018 14:00,2002.1937817223352
24-06-2018 15:00,1251.0954319837133
24-06-2018 16:00,879.8401134304718
24-06-2018 17:00,646.6042452433995
24-06-2018 18:00,317.83161414441184
24-06-2018 19:00,173.87345862947512
24-06-2018 20:00,32.34253322720891
24-06-2018 21:00,0.0
24-06-2018 22:00,0.0
24-06-2018 23:00,0.0
25-06-2018 00:00,0.0
25-06-2018 01:00,0.0
25-06-2018 02:00,0.0
25-06-2018 03:00,0.0
25-06-2018 04:00,2.981673539422688
25-06-2018 05:00,53.14032221293411
25-06-2018 06:00,155.49057879138152
25-06-2018 07:00,316.6118386055571
25-06-2018 08:00,524.589728462809
25-06-2018 09:00,946.0653005147567
25-06-2018 10:00,1439.1996052331604
25-06-2018 11:00,2319.1382863839435
25-06-2018 12:00,2732.100071593986
25-06-2018 13:00,3016.6650801332685
25-06-2018 14:00,3025.6593846116925
25-06-2018 15:00,2879.347924774319
25-06-2018 16:00,2342.00599749621
25-06-2018 17:00,1781.020138308382
25-06-2018 18:00,1158.072145939741
25-06-2018 19:00,583.4469784538098
25-06-2018 20:00,166.99836013774842
25-06-2018 21:00,2.1192059866971173
25-06-2018 22:00,0.0
25-06-2018 23:00,0.0
26-06-2018 00:00,0.0
26-06-2018 01:00,0.0
26-06-2018 02:00,0.0
26-06-2018 03:00,0.0
26-06-2018 04:00,3.449870210902284
26-06-2018 05:00,145.59684386511532
26-06-2018 06:00,554.2586122765688
26-06-2018 07:00,1043.745911343447
26-06-2018 08:00,1552.5031997312224
26-06-2018 09:00,2318.9288299782816
26-06-2018 10:00,2920.5738737946012
26-06-2018 11:00,3209.562108782862
26-06-2018 12:00,3383.3739625871426
26-06-2018 13:00,3417.305900304374
26-06-2018 14:00,3208.601073509825
26-06-2018 15:00,2850.529187548246
26-06-2018 16:00,2321.429985881186
26-06-2018 17:00,1702.0304314437585
26-06-2018 18:00,886.7028909571595
26-06-2018 19:00,523.8011867003171
26-06-2018 20:00,214.2862239571876
26-06-2018 21:00,3.683968546642082
26-06-2018 22:00,0.0
25-06-2018 23:00,0.0
26-06-2018 00:00,0.0
26-06-2018 01:00,0.0
26-06-2018 02:00,0.0
26-06-2018 03:00,0.0
26-06-2018 04:00,3.449870210902284
26-06-2018 05:00,145.59684386511532
26-06-2018 06:00,554.2586122765688
26-06-2018 07:00,1043.745911343447
26-06-2018 08:00,1552.5031997312224
26-06-2018 09:00,2318.9288299782816
26-06-2018 10:00,2920.5738737946012
26-06-2018 11:00,3209.562108782862
26-06-2018 12:00,3383.3739625871426
26-06-2018 13:00,3417.305900304374
26-06-2018 14:00,3208.601073509825
26-06-2018 15:00,2850.529187548246
26-06-2018 16:00,2321.429985881186
26-06-2018 17:00,1702.0304314437585
26-06-2018 18:00,886.7028909571595
26-06-2018 19:00,523.8011867003171
26-06-2018 20:00,214.2862239571876
26-06-2018 21:00,3.683968546642082
26-06-2018 22:00,0.0
26-06-2018 23:00,0.0
27-06-2018 00:00,0.0
27-06-2018 01:00,0.0
27-06-2018 02:00,0.0
27-06-2018 03:00,0.0
27-06-2018 04:00,2.67364941344927
27-06-2018 05:00,72.25013898832498
27-06-2018 06:00,251.37232872438713
27-06-2018 07:00,476.2176197199435
27-06-2018 08:00,943.7489590874366
27-06-2018 09:00,1497.9706084688885
27-06-2018 10:00,1863.9279120553872
27-06-2018 11:00,3043.9683386595525
27-06-2018 12:00,3442.4160270537272
27-06-2018 13:00,3388.4255582531064
27-06-2018 14:00,3196.4526019814334
27-06-2018 15:00,2830.470656464857
27-06-2018 16:00,2318.633126817347
27-06-2018 17:00,1730.7259590194424
27-06-2018 18:00,1107.2974490142826
27-06-2018 19:00,536.6273113058503
27-06-2018 20:00,156.77195915543092
27-06-2018 21:00,4.127523288043804
27-06-2018 22:00,0.0
27-06-2018 23:00,0.0
28-06-2018 00:00,0.0
28-06-2018 01:00,0.0
28-06-2018 02:00,0.0
28-06-2018 03:00,0.0
28-06-2018 04:00,3.95502977749869
28-06-2018 05:00,156.00805932301685
28-06-2018 06:00,537.8224449146271
28-06-2018 07:00,1102.5045936141364
28-06-2018 08:00,1737.7612300566752
28-06-2018 09:00,2345.566756392463
28-06-2018 10:00,2839.35407225793
28-06-2018 11:00,3197.820229100755
28-06-2018 12:00,3384.396602685374
28-06-2018 13:00,3439.4589954443823
28-06-2018 14:00,3153.7851000515957
28-06-2018 15:00,2758.7872818683227
28-06-2018 16:00,2330.7939193107777
28-06-2018 17:00,1738.16782190296
28-06-2018 18:00,1116.6613824438746
28-06-2018 19:00,552.7184916467016
28-06-2018 20:00,173.04795397186635
28-06-2018 21:00,0.0
28-06-2018 22:00,0.0
28-06-2018 23:00,0.0
29-06-2018 00:00,0.0
29-06-2018 01:00,0.0
29-06-2018 02:00,0.0
29-06-2018 03:00,0.0
29-06-2018 04:00,6.51779050559753
29-06-2018 05:00,154.09830974198167
29-06-2018 06:00,554.2462913115298
29-06-2018 07:00,1138.6912679334935
29-06-2018 08:00,1776.0547893976905
29-06-2018 09:00,2373.4491002755767
29-06-2018 10:00,2855.2604381231977
29-06-2018 11:00,3190.9944144691844
29-06-2018 12:00,3362.8595557973126
29-06-2018 13:00,3351.3148115558292
29-06-2018 14:00,3146.688224189168
29-06-2018 15:00,2808.3175613248486
29-06-2018 16:00,2333.122581703137
29-06-2018 17:00,1744.8950688142195
29-06-2018 18:00,1076.6305670323693
29-06-2018 19:00,479.9631930917803
29-06-2018 20:00,119.22997868179073
29-06-2018 21:00,4.349300658744665
29-06-2018 22:00,0.0
29-06-2018 23:00,0.0
30-06-2018 00:00,0.0
30-06-2018 01:00,0.0
30-06-2018 02:00,0.0
30-06-2018 03:00,0.0
30-06-2018 04:00,6.912061386843504
30-06-2018 05:00,166.36999092076263
30-06-2018 06:00,561.5772655096971
30-06-2018 07:00,1154.37585642806
30-06-2018 08:00,1786.6138564360592
30-06-2018 09:00,2382.739107914935
30-06-2018 10:00,2897.3118918010887
30-06-2018 11:00,3278.497908175713
30-06-2018 12:00,3492.710206342667
30-06-2018 13:00,3499.2156758832257
30-06-2018 14:00,3298.4209086436736
30-06-2018 15:00,2921.337773627015
30-06-2018 16:00,2428.6100607548965
30-06-2018 17:00,1831.1664660168544
30-06-2018 18:00,1187.3590798372936
30-06-2018 19:00,589.0899804416429
30-06-2018 20:00,165.37199275260878
30-06-2018 21:00,2.624365553293523
30-06-2018 22:00,0.0
30-06-2018 23:00,0.0
01-07-2018 00:00,0.0
01-07-2018 01:00,0.0
01-07-2018 02:00,0.0
01-07-2018 03:00,0.0
01-07-2018 04:00,4.361621623783602
01-07-2018 05:00,166.91211338247587
01-07-2018 06:00,558.5832710052355
01-07-2018 07:00,1165.3907991728695
01-07-2018 08:00,1782.8806040292613
01-07-2018 09:00,2418.4822274928906
01-07-2018 10:00,2943.0473140256217
01-07-2018 11:00,3319.2803024545938
01-07-2018 12:00,3509.1094108094917
01-07-2018 13:00,3491.8354178249024
01-07-2018 14:00,3286.8022386119565
01-07-2018 15:00,2913.218257666356
01-07-2018 16:00,2417.0899584434906
01-07-2018 17:00,1830.7721951356084
01-07-2018 18:00,1186.324118774023
01-07-2018 19:00,589.2994368473048
01-07-2018 20:00,161.9590854368233
01-07-2018 21:00,2.1192059866971173
01-07-2018 22:00,0.0
30-06-2018 23:00,0.0
01-07-2018 00:00,0.0
01-07-2018 01:00,0.0
01-07-2018 02:00,0.0
01-07-2018 03:00,0.0
01-07-2018 04:00,4.361621623783602
01-07-2018 05:00,166.91211338247587
01-07-2018 06:00,558.5832710052355
01-07-2018 07:00,1165.3907991728695
01-07-2018 08:00,1782.8806040292613
01-07-2018 09:00,2418.4822274928906
01-07-2018 10:00,2943.0473140256217
01-07-2018 11:00,3319.2803024545938
01-07-2018 12:00,3509.1094108094917
01-07-2018 13:00,3491.8354178249024
01-07-2018 14:00,3286.8022386119565
01-07-2018 15:00,2913.218257666356
01-07-2018 16:00,2417.0899584434906
01-07-2018 17:00,1830.7721951356084
01-07-2018 18:00,1186.324118774023
01-07-2018 19:00,589.2994368473048
01-07-2018 20:00,161.9590854368233
01-07-2018 21:00,2.1192059866971173
01-07-2018 22:00,0.0
01-07-2018 23:00,0.0
02-07-2018 00:00,0.0
02-07-2018 01:00,0.0
02-07-2018 02:00,0.0
02-07-2018 03:00,0.0
02-07-2018 04:00,4.176807148199551
02-07-2018 05:00,164.90379608112917
02-07-2018 06:00,558.5463081101187
02-07-2018 07:00,1169.7277788665751
02-07-2018 08:00,1812.192179856892
02-07-2018 09:00,2425.8624855512135
02-07-2018 10:00,2937.539842653217
02-07-2018 11:00,3287.048657912735
02-07-2018 12:00,3475.8674471344407
02-07-2018 13:00,3473.2923654413025
02-07-2018 14:00,3273.3231028593596
02-07-2018 15:00,2910.4953243927507
02-07-2018 16:00,2418.383659772579
02-07-2018 17:00,1830.1191839885448
02-07-2018 18:00,1159.0824650729337
02-07-2018 19:00,573.7873418632835
02-07-2018 20:00,150.37737830022277
02-07-2018 21:00,2.920068714228005
02-07-2018 22:00,0.0
02-07-2018 23:00,0.0
03-07-2018 00:00,0.0
03-07-2018 01:00,0.0
03-07-2018 02:00,0.0
03-07-2018 03:00,0.0
03-07-2018 04:00,3.95502977749869
03-07-2018 05:00,159.71666979973682
03-07-2018 06:00,534.9886229556716
03-07-2018 07:00,1138.9376872342723
03-07-2018 08:00,1791.7516988572959
03-07-2018 09:00,2400.7400378368216
03-07-2018 10:00,2833.6371444798633
03-07-2018 11:00,3203.9807116202237
03-07-2018 12:00,3482.2866699197266
03-07-2018 13:00,3465.5547993968503
03-07-2018 14:00,3258.4640190224018
03-07-2018 15:00,2892.346542890397
03-07-2018 16:00,2406.025731838525
03-07-2018 17:00,1811.958081521152
03-07-2018 18:00,1167.4730422644498
03-07-2018 19:00,584.4572975870027
03-07-2018 20:00,162.1315789473684
03-07-2018 21:00,2.2054527419696743
03-07-2018 22:00,0.0
03-07-2018 23:00,0.0
04-07-2018 00:00,0.0
04-07-2018 01:00,0.0
04-07-2018 02:00,0.0
04-07-2018 03:00,0.0
04-07-2018 04:00,7.8607756948416325
04-07-2018 05:00,149.08367697113442
04-07-2018 06:00,443.91204938785137
04-07-2018 07:00,849.8878474208166
04-07-2018 08:00,1557.5055115370308
04-07-2018 09:00,2288.0524915907063
04-07-2018 10:00,2793.1874162570343
04-07-2018 11:00,3144.8277584682883
04-07-2018 12:00,3333.4494122493707
04-07-2018 13:00,3324.270293295363
04-07-2018 14:00,3119.2740769775337
04-07-2018 15:00,2557.339503481707
04-07-2018 16:00,2213.522974070178
04-07-2018 17:00,1517.0311413841237
04-07-2018 18:00,1000.4993240567792
04-07-2018 19:00,578.6787649837413
04-07-2018 20:00,167.83618576039612
04-07-2018 21:00,2.5134768679430928
04-07-2018 22:00,0.0
04-07-2018 23:00,0.0
05-07-2018 00:00,0.0
05-07-2018 01:00,0.0
05-07-2018 02:00,0.0
05-07-2018 03:00,0.0
05-07-2018 04:00,2.722933273605017
05-07-2018 05:00,89.27771267213554
05-07-2018 06:00,325.9388091400322
05-07-2018 07:00,766.3270625267477
05-07-2018 08:00,1234.2649937405258
05-07-2018 09:00,1515.6881561948796
05-07-2018 10:00,1723.9124653529102
05-07-2018 11:00,2321.713368077081
05-07-2018 12:00,2584.4086636722514
05-07-2018 13:00,2708.2959671387603
05-07-2018 14:00,2148.3450690142026
05-07-2018 15:00,2576.31378964167
05-07-2018 16:00,2359.3908791661497
05-07-2018 17:00,1511.9549037880818
05-07-2018 18:00,967.6516312629739
05-07-2018 19:00,495.86955895704756
05-07-2018 20:00,138.78335019858332
05-07-2018 21:00,0.0
05-07-2018 22:00,0.0
05-07-2018 23:00,0.0
06-07-2018 00:00,0.0
06-07-2018 01:00,0.0
06-07-2018 02:00,0.0
06-07-2018 03:00,0.0
06-07-2018 04:00,2.094564056619244
06-07-2018 05:00,62.109984761280046
06-07-2018 06:00,260.42823802800564
06-07-2018 07:00,670.7040528595597
06-07-2018 08:00,1485.9083836957695
06-07-2018 09:00,2213.5599369652946
06-07-2018 10:00,2459.338547562005
06-07-2018 11:00,2450.0485399226463
06-07-2018 12:00,2866.780540434603
06-07-2018 13:00,2859.7945532575263
06-07-2018 14:00,2479.742065666484
06-07-2018 15:00,2094.502451794049
06-07-2018 16:00,1606.9865071334007
06-07-2018 17:00,1478.8977545886144
06-07-2018 18:00,843.9737842021269
06-07-2018 19:00,371.3415653085141
06-07-2018 20:00,165.0146847664796
06-07-2018 21:00,3.683968546642082
06-07-2018 22:00,0.0
05-07-2018 23:00,0.0
06-07-2018 00:00,0.0
06-07-2018 01:00,0.0
06-07-2018 02:00,0.0
06-07-2018 03:00,0.0
06-07-2018 04:00,2.094564056619244
06-07-2018 05:00,62.109984761280046
06-07-2018 06:00,260.42823802800564
06-07-2018 07:00,670.7040528595597
06-07-2018 08:00,1485.9083836957695
06-07-2018 09:00,2213.5599369652946
06-07-2018 10:00,2459.338547562005
06-07-2018 11:00,2450.0485399226463
06-07-2018 12:00,2866.780540434603
06-07-2018 13:00,2859.7945532575263
06-07-2018 14:00,2479.742065666484
06-07-2018 15:00,2094.502451794049
06-07-2018 16:00,1606.9865071334007
06-07-2018 17:00,1478.8977545886144
06-07-2018 18:00,843.9737842021269
06-07-2018 19:00,371.3415653085141
06-07-2018 20:00,165.0146847664796
06-07-2018 21:00,3.683968546642082
06-07-2018 22:00,0.0
06-07-2018 23:00,0.0
07-07-2018 00:00,0.0
07-07-2018 01:00,0.0
07-07-2018 02:00,0.0
07-07-2018 03:00,0.0
07-07-2018 04:00,4.201449078277425
07-07-2018 05:00,151.06735234240324
07-07-2018 06:00,471.3385175645245
07-07-2018 07:00,1048.427878058243
07-07-2018 08:00,1680.1237556045292
07-07-2018 09:00,1948.9795337191674
07-07-2018 10:00,2611.8474528139636
07-07-2018 11:00,2690.4798516924575
07-07-2018 12:00,2937.6014474784115
07-07-2018 13:00,2892.6545670163705
07-07-2018 14:00,2815.1803388515364
07-07-2018 15:00,2382.936243355558
07-07-2018 16:00,2018.580665224121
07-07-2018 17:00,1512.0534715083932
07-07-2018 18:00,848.4832574063778
07-07-2018 19:00,500.95811751812846
07-07-2018 20:00,134.70511077069526
07-07-2018 21:00,0.0
07-07-2018 22:00,0.0
07-07-2018 23:00,0.0
08-07-2018 00:00,0.0
08-07-2018 01:00,0.0
08-07-2018 02:00,0.0
08-07-2018 03:00,0.0
08-07-2018 04:00,2.759896168721827
08-07-2018 05:00,122.03915871066829
08-07-2018 06:00,492.34576295591165
08-07-2018 07:00,1059.2949692225852
08-07-2018 08:00,1713.2301886641521
08-07-2018 09:00,2325.4342995188404
08-07-2018 10:00,2839.8345898944485
08-07-2018 11:00,3226.4418308862055
08-07-2018 12:00,3354.2964850952517
08-07-2018 13:00,3431.622861679619
08-07-2018 14:00,3219.9733242407638
08-07-2018 15:00,2857.7985569212183
08-07-2018 16:00,2343.8911051471673
08-07-2018 17:00,1744.5624027581682
08-07-2018 18:00,1108.5541874482542
08-07-2018 19:00,530.060236940097
08-07-2018 20:00,128.6801588666552
08-07-2018 21:00,0.0
08-07-2018 22:00,0.0
08-07-2018 23:00,0.0
09-07-2018 00:00,0.0
09-07-2018 01:00,0.0
09-07-2018 02:00,0.0
09-07-2018 03:00,0.0
09-07-2018 04:00,2.6859703784882067
09-07-2018 05:00,68.49224465144927
09-07-2018 06:00,319.26084608892853
09-07-2018 07:00,684.2571144023901
09-07-2018 08:00,1062.1041492514628
09-07-2018 09:00,1363.524237964011
09-07-2018 10:00,1529.6724515140727
09-07-2018 11:00,1264.3527903656093
09-07-2018 12:00,1173.7567344343074
09-07-2018 13:00,1170.0111610624706
09-07-2018 14:00,934.7916175041296
09-07-2018 15:00,921.9778138636354
09-07-2018 16:00,600.3143795921143
09-07-2018 17:00,575.7217333743965
09-07-2018 18:00,509.48422532507266
09-07-2018 19:00,285.95727758868253
09-07-2018 20:00,46.40075433663572
09-07-2018 21:00,0.0
09-07-2018 22:00,0.0
09-07-2018 23:00,0.0
10-07-2018 00:00,0.0
10-07-2018 01:00,0.0
10-07-2018 02:00,0.0
10-07-2018 03:00,0.0
10-07-2018 04:00,0.0
10-07-2018 05:00,28.153405113970425
10-07-2018 06:00,99.75053295523175
10-07-2018 07:00,134.29851892441033
10-07-2018 08:00,174.21844565056534
10-07-2018 09:00,309.9338755544534
10-07-2018 10:00,583.4223365237319
10-07-2018 11:00,949.5521336207757
10-07-2018 12:00,665.4676427180117
10-07-2018 13:00,693.9167509929166
10-07-2018 14:00,1458.346384903668
10-07-2018 15:00,2505.542166458017
10-07-2018 16:00,2147.3840337411657
10-07-2018 17:00,1474.5730958599477
10-07-2018 18:00,958.5464380991996
10-07-2018 19:00,447.85475820031115
10-07-2018 20:00,137.92088264585774
10-07-2018 21:00,0.0
10-07-2018 22:00,0.0
10-07-2018 23:00,0.0
11-07-2018 00:00,0.0
11-07-2018 01:00,0.0
11-07-2018 02:00,0.0
11-07-2018 03:00,0.0
11-07-2018 04:00,0.0
11-07-2018 05:00,98.65396706676638
11-07-2018 06:00,457.0215561892801
11-07-2018 07:00,1012.0687102283407
11-07-2018 08:00,1592.4600893524944
11-07-2018 09:00,1565.3046824066778
11-07-2018 10:00,1694.6624943504744
11-07-2018 11:00,1198.743651533271
11-07-2018 12:00,1401.8301182700652
11-07-2018 13:00,1602.6002435795392
11-07-2018 14:00,2352.959335415825
11-07-2018 15:00,2709.146113726447
11-07-2018 16:00,2206.857331984113
11-07-2018 17:00,1642.3969606553048
11-07-2018 18:00,1089.2718771623183
11-07-2018 19:00,498.59249223065257
11-07-2018 20:00,134.03977865859267
11-07-2018 21:00,0.0
11-07-2018 22:00,0.0
10-07-2018 23:00,0.0
11-07-2018 00:00,0.0
11-07-2018 01:00,0.0
11-07-2018 02:00,0.0
11-07-2018 03:00,0.0
11-07-2018 04:00,0.0
11-07-2018 05:00,98.65396706676638
11-07-2018 06:00,457.0215561892801
11-07-2018 07:00,1012.0687102283407
11-07-2018 08:00,1592.4600893524944
11-07-2018 09:00,1565.3046824066778
11-07-2018 10:00,1694.6624943504744
11-07-2018 11:00,1198.743651533271
11-07-2018 12:00,1401.8301182700652
11-07-2018 13:00,1602.6002435795392
11-07-2018 14:00,2352.959335415825
11-07-2018 15:00,2709.146113726447
11-07-2018 16:00,2206.857331984113
11-07-2018 17:00,1642.3969606553048
11-07-2018 18:00,1089.2718771623183
11-07-2018 19:00,498.59249223065257
11-07-2018 20:00,134.03977865859267
11-07-2018 21:00,0.0
11-07-2018 22:00,0.0
11-07-2018 23:00,0.0
12-07-2018 00:00,0.0
12-07-2018 01:00,0.0
12-07-2018 02:00,0.0
12-07-2018 03:00,0.0
12-07-2018 04:00,0.0
12-07-2018 05:00,55.39505881505953
12-07-2018 06:00,241.88518564440585
12-07-2018 07:00,575.8942268849416
12-07-2018 08:00,1059.8863755444543
12-07-2018 09:00,1867.7843741125744
12-07-2018 10:00,2447.029903488107
12-07-2018 11:00,2973.566344427068
12-07-2018 12:00,3373.344697045448
12-07-2018 13:00,3381.501175901224
12-07-2018 14:00,3185.9797816983373
12-07-2018 15:00,2830.655470940441
12-07-2018 16:00,2315.6391323128855
12-07-2018 17:00,1692.826670559673
12-07-2018 18:00,1093.621177821063
12-07-2018 19:00,501.80826410581506
12-07-2018 20:00,112.2809543998304
12-07-2018 21:00,0.0
12-07-2018 22:00,0.0
12-07-2018 23:00,0.0
13-07-2018 00:00,0.0
13-07-2018 01:00,0.0
13-07-2018 02:00,0.0
13-07-2018 03:00,0.0
13-07-2018 04:00,0.0
13-07-2018 05:00,90.86711716215838
13-07-2018 06:00,343.87813423672407
13-07-2018 07:00,591.4679266941577
13-07-2018 08:00,979.9602753368716
13-07-2018 09:00,1522.5386127565284
13-07-2018 10:00,2422.092270249299
13-07-2018 11:00,2801.4794257282388
13-07-2018 12:00,2944.5997556205275
13-07-2018 13:00,2520.4998180152866
13-07-2018 14:00,2509.91610904684
13-07-2018 15:00,2393.630841009355
13-07-2018 16:00,1945.9732182496668
13-07-2018 17:00,1397.4561756812427
13-07-2018 18:00,1117.375998416133
13-07-2018 19:00,424.7652697173437
13-07-2018 20:00,107.7838021606185
13-07-2018 21:00,0.0
13-07-2018 22:00,0.0
13-07-2018 23:00,0.0
14-07-2018 00:00,0.0
14-07-2018 01:00,0.0
14-07-2018 02:00,0.0
14-07-2018 03:00,0.0
14-07-2018 04:00,0.0
14-07-2018 05:00,95.05624527539686
14-07-2018 06:00,473.17434135532613
14-07-2018 07:00,973.9599653629094
14-07-2018 08:00,1469.262759928166
14-07-2018 09:00,2021.4144871830765
14-07-2018 10:00,2731.7920474680127
14-07-2018 11:00,3189.0353810279935
14-07-2018 12:00,3422.554631410961
14-07-2018 13:00,3404.8617256150483
14-07-2018 14:00,3210.153515104731
14-07-2018 15:00,2850.898816499414
14-07-2018 16:00,2351.8134856672036
14-07-2018 17:00,1748.0245939341094
14-07-2018 18:00,1104.89486083169
14-07-2018 19:00,520.8441550909723
14-07-2018 20:00,121.26293791321528
14-07-2018 21:00,0.0
14-07-2018 22:00,0.0
14-07-2018 23:00,0.0
15-07-2018 00:00,0.0
15-07-2018 01:00,0.0
15-07-2018 02:00,0.0
15-07-2018 03:00,0.0
15-07-2018 04:00,0.0
15-07-2018 05:00,102.04223245247398
15-07-2018 06:00,467.2972410317533
15-07-2018 07:00,1032.5831170181705
15-07-2018 08:00,1673.9386311549829
15-07-2018 09:00,2278.6762371960754
15-07-2018 10:00,2803.2536446938457
15-07-2018 11:00,3186.0660284536098
15-07-2018 12:00,3388.573409833574
15-07-2018 13:00,3334.200991116746
15-07-2018 14:00,3235.0295435183443
15-07-2018 15:00,2857.478211830206
15-07-2018 16:00,2349.5587490650782
15-07-2018 17:00,1756.9449726222997
15-07-2018 18:00,937.7116862183576
15-07-2018 19:00,308.77570484079337
15-07-2018 20:00,85.55678123037664
15-07-2018 21:00,0.0
15-07-2018 22:00,0.0
15-07-2018 23:00,0.0
16-07-2018 00:00,0.0
16-07-2018 01:00,0.0
16-07-2018 02:00,0.0
16-07-2018 03:00,0.0
16-07-2018 04:00,0.0
16-07-2018 05:00,96.25137888417372
16-07-2018 06:00,449.50576751552865
16-07-2018 07:00,1016.7999608032925
16-07-2018 08:00,1668.677579083357
16-07-2018 09:00,2275.854736202159
16-07-2018 10:00,2797.9802716571808
16-07-2018 11:00,3149.053849476644
16-07-2018 12:00,3315.300630747017
16-07-2018 13:00,3419.880981997512
16-07-2018 14:00,2882.2556725235077
16-07-2018 15:00,2297.206968614636
16-07-2018 16:00,1986.7309705984696
16-07-2018 17:00,1541.278800580751
16-07-2018 18:00,1036.969380572032
16-07-2018 19:00,462.2333244007503
16-07-2018 20:00,94.45251798848896
16-07-2018 21:00,0.0
16-07-2018 22:00,0.0
15-07-2018 23:00,0.0
16-07-2018 00:00,0.0
16-07-2018 01:00,0.0
16-07-2018 02:00,0.0
16-07-2018 03:00,0.0
16-07-2018 04:00,0.0
16-07-2018 05:00,96.25137888417372
16-07-2018 06:00,449.50576751552865
16-07-2018 07:00,1016.7999608032925
16-07-2018 08:00,1668.677579083357
16-07-2018 09:00,2275.854736202159
16-07-2018 10:00,2797.9802716571808
16-07-2018 11:00,3149.053849476644
16-07-2018 12:00,3315.300630747017
16-07-2018 13:00,3419.880981997512
16-07-2018 14:00,2882.2556725235077
16-07-2018 15:00,2297.206968614636
16-07-2018 16:00,1986.7309705984696
16-07-2018 17:00,1541.278800580751
16-07-2018 18:00,1036.969380572032
16-07-2018 19:00,462.2333244007503
16-07-2018 20:00,94.45251798848896
16-07-2018 21:00,0.0
16-07-2018 22:00,0.0
16-07-2018 23:00,0.0
17-07-2018 00:00,0.0
17-07-2018 01:00,0.0
17-07-2018 02:00,0.0
17-07-2018 03:00,0.0
17-07-2018 04:00,0.0
17-07-2018 05:00,43.93656132884838
17-07-2018 06:00,310.5499238064002
17-07-2018 07:00,931.4403150135388
17-07-2018 08:00,1603.807698153355
17-07-2018 09:00,2262.9546858063923
17-07-2018 10:00,2725.089442486831
17-07-2018 11:00,3107.4582715051934
17-07-2018 12:00,3010.516918578839
17-07-2018 13:00,2356.37224273161
17-07-2018 14:00,2845.2681354766196
17-07-2018 15:00,2717.068494246483
17-07-2018 16:00,1974.2498330140268
17-07-2018 17:00,1458.6667299946803
17-07-2018 18:00,1120.875152487191
17-07-2018 19:00,494.625141488115
17-07-2018 20:00,84.8052023630015
17-07-2018 21:00,0.0
17-07-2018 22:00,0.0
17-07-2018 23:00,0.0
18-07-2018 00:00,0.0
18-07-2018 01:00,0.0
18-07-2018 02:00,0.0
18-07-2018 03:00,0.0
18-07-2018 04:00,0.0
18-07-2018 05:00,139.87991608704868
18-07-2018 06:00,396.5132968830618
18-07-2018 07:00,971.2000691941877
18-07-2018 08:00,1568.2247511209057
18-07-2018 09:00,2018.9256522452113
18-07-2018 10:00,2512.072277928654
18-07-2018 11:00,2914.154651009315
18-07-2018 12:00,2498.605463141096
18-07-2018 13:00,2545.2403158134716
18-07-2018 14:00,2391.930547833982
18-07-2018 15:00,2083.3766203638893
18-07-2018 16:00,1917.0805552333602
18-07-2018 17:00,1460.305418344859
18-07-2018 18:00,700.5454301838645
18-07-2018 19:00,381.30922602501386
18-07-2018 20:00,114.10445722559304
18-07-2018 21:00,0.0
18-07-2018 22:00,0.0
18-07-2018 23:00,0.0
19-07-2018 00:00,0.0
19-07-2018 01:00,0.0
19-07-2018 02:00,0.0
19-07-2018 03:00,0.0
19-07-2018 04:00,0.0
19-07-2018 05:00,74.72665296115126
19-07-2018 06:00,351.492490630787
19-07-2018 07:00,815.0318373256646
19-07-2018 08:00,1611.804004463625
19-07-2018 09:00,2180.3426152203215
19-07-2018 10:00,2604.750576951536
19-07-2018 11:00,2939.523518024486
19-07-2018 12:00,3015.556193279764
19-07-2018 13:00,3213.812841721295
19-07-2018 14:00,2856.2214733962346
19-07-2018 15:00,2118.7870738857932
19-07-2018 16:00,1378.2108282904235
19-07-2018 17:00,1386.083924950304
19-07-2018 18:00,1201.30641226137
19-07-2018 19:00,457.5143947908375
19-07-2018 20:00,64.25383267805503
19-07-2018 21:00,0.0
19-07-2018 22:00,0.0
19-07-2018 23:00,0.0
20-07-2018 00:00,0.0
20-07-2018 01:00,0.0
20-07-2018 02:00,0.0
20-07-2018 03:00,0.0
20-07-2018 04:00,0.0
20-07-2018 05:00,64.19222785286036
20-07-2018 06:00,396.87060486919097
20-07-2018 07:00,921.6081849124673
20-07-2018 08:00,1555.139886249555
20-07-2018 09:00,2170.9910027557685
20-07-2018 10:00,2515.2510869086996
20-07-2018 11:00,2803.20436083369
20-07-2018 12:00,3259.153993064582
20-07-2018 13:00,2847.6830446242516
20-07-2018 14:00,2721.171375604449
20-07-2018 15:00,2549.89764059819
20-07-2018 16:00,1806.918806820227
20-07-2018 17:00,1580.2130501037911
20-07-2018 18:00,1065.4677727070925
20-07-2018 19:00,521.1152163218289
20-07-2018 20:00,85.22411517432535
20-07-2018 21:00,0.0
20-07-2018 22:00,0.0
20-07-2018 23:00,0.0
21-07-2018 00:00,0.0
21-07-2018 01:00,0.0
21-07-2018 02:00,0.0
21-07-2018 03:00,0.0
21-07-2018 04:00,0.0
21-07-2018 05:00,51.390745177405094
21-07-2018 06:00,345.13487267069564
21-07-2018 07:00,805.8896812667736
21-07-2018 08:00,1370.4979041760491
21-07-2018 09:00,2182.8437711232255
21-07-2018 10:00,2702.5790393606935
21-07-2018 11:00,3065.862693533743
21-07-2018 12:00,3148.9429607912934
21-07-2018 13:00,3204.695327592482
21-07-2018 14:00,3119.2987189076116
21-07-2018 15:00,2745.2588622555704
21-07-2018 16:00,2248.157206794629
21-07-2018 17:00,1537.1635982577463
21-07-2018 18:00,947.2357921934557
21-07-2018 19:00,372.41348926690154
21-07-2018 20:00,60.49593834117934
21-07-2018 21:00,0.0
21-07-2018 22:00,0.0
21-07-2018 23:00,0.0
22-07-2018 00:00,0.0
22-07-2018 01:00,0.0
22-07-2018 02:00,0.0
22-07-2018 03:00,0.0
22-07-2018 04:00,0.0
22-07-2018 05:00,55.000787933813555
22-07-2018 06:00,268.5477539886649
22-07-2018 07:00,688.8774762919915
22-07-2018 08:00,1122.033323200851
22-07-2018 09:00,1526.321149023482
22-07-2018 10:00,2179.8990604789196
22-07-2018 11:00,2606.9067458333498
22-07-2018 12:00,3039.6067170357687
22-07-2018 13:00,3251.786055971298
22-07-2018 14:00,3030.082611060671
22-07-2018 15:00,2856.566460417325
22-07-2018 16:00,2260.3919250782933
22-07-2018 17:00,1697.2991808688068
22-07-2018 18:00,1043.0436163362276
22-07-2018 19:00,461.29693105779114
22-07-2018 20:00,82.24244163490266
22-07-2018 21:00,0.0
22-07-2018 22:00,0.0
22-07-2018 23:00,0.0
23-07-2018 00:00,0.0
23-07-2018 01:00,0.0
23-07-2018 02:00,0.0
23-07-2018 03:00,0.0
23-07-2018 04:00,0.0
23-07-2018 05:00,62.03605897104643
23-07-2018 06:00,398.38608356898015
23-07-2018 07:00,936.5411945396586
23-07-2018 08:00,1576.1840945360589
23-07-2018 09:00,2183.6446338507562
23-07-2018 10:00,2724.9785538014803
23-07-2018 11:00,3113.594112094584
23-07-2018 12:00,3317.087170677663
23-07-2018 13:00,3324.245651365285
23-07-2018 14:00,3133.2706932617657
23-07-2018 15:00,2771.983035425024
23-07-2018 16:00,2272.528075641646
23-07-2018 17:00,1642.372318725227
23-07-2018 18:00,1028.7143339959443
23-07-2018 19:00,451.390875166486
23-07-2018 20:00,76.96906859823774
23-07-2018 21:00,0.0
23-07-2018 22:00,0.0
23-07-2018 23:00,0.0
24-07-2018 00:00,0.0
24-07-2018 01:00,0.0
24-07-2018 02:00,0.0
24-07-2018 03:00,0.0
24-07-2018 04:00,0.0
24-07-2018 05:00,65.042374440547
24-07-2018 06:00,366.1544390271217
24-07-2018 07:00,862.9727122921674
24-07-2018 08:00,1476.5074873710607
24-07-2018 09:00,2086.580071274013
24-07-2018 10:00,2629.146087728631
24-07-2018 11:00,2867.877106323069
24-07-2018 12:00,2515.078593398154
24-07-2018 13:00,3091.342449234264
24-07-2018 14:00,2933.855874106575
24-07-2018 15:00,2643.327518488447
24-07-2018 16:00,2123.937237272069
24-07-2018 17:00,1544.1495854348234
24-07-2018 18:00,922.9881329968282
24-07-2018 19:00,386.742771607185
24-07-2018 20:00,56.70108110918682
24-07-2018 21:00,0.0
24-07-2018 22:00,0.0
24-07-2018 23:00,0.0
25-07-2018 00:00,0.0
25-07-2018 01:00,0.0
25-07-2018 02:00,0.0
25-07-2018 03:00,0.0
25-07-2018 04:00,0.0
25-07-2018 05:00,49.62884717683714
25-07-2018 06:00,318.4476623963587
25-07-2018 07:00,856.1468976605964
25-07-2018 08:00,1313.1191699897208
25-07-2018 09:00,1461.0446762471952
25-07-2018 10:00,1521.257232392479
25-07-2018 11:00,1097.0587270669264
25-07-2018 12:00,1503.7244991420719
25-07-2018 13:00,2738.7287507849337
25-07-2018 14:00,2492.974782118302
25-07-2018 15:00,2431.3453149935403
25-07-2018 16:00,2080.074601733454
25-07-2018 17:00,1557.5424744321476
25-07-2018 18:00,927.0294095295994
25-07-2018 19:00,396.4024081977114
25-07-2018 20:00,64.05669723743205
25-07-2018 21:00,0.0
25-07-2018 22:00,0.0
25-07-2018 23:00,0.0
26-07-2018 00:00,0.0
26-07-2018 01:00,0.0
26-07-2018 02:00,0.0
26-07-2018 03:00,0.0
26-07-2018 04:00,0.0
26-07-2018 05:00,39.77207514568776
26-07-2018 06:00,280.8317561324848
26-07-2018 07:00,788.9976381983913
26-07-2018 08:00,1399.4521720175505
26-07-2018 09:00,2014.8104499222063
26-07-2018 10:00,2526.3522764087816
26-07-2018 11:00,2948.4192547825983
26-07-2018 12:00,3154.672209534399
26-07-2018 13:00,2627.0884865671283
26-07-2018 14:00,2464.5503157734747
26-07-2018 15:00,2599.9084376912338
26-07-2018 16:00,2081.873462629139
26-07-2018 17:00,1394.3636134564695
26-07-2018 18:00,825.8742865599289
26-07-2018 19:00,311.4863171493594
26-07-2018 20:00,28.10412125381468
26-07-2018 21:00,0.0
26-07-2018 22:00,0.0
26-07-2018 23:00,0.0
27-07-2018 00:00,0.0
27-07-2018 01:00,0.0
27-07-2018 02:00,0.0
27-07-2018 03:00,0.0
27-07-2018 04:00,0.0
27-07-2018 05:00,27.15540694581655
27-07-2018 06:00,205.47673395434782
27-07-2018 07:00,767.7193315761475
27-07-2018 08:00,1319.9449846212917
27-07-2018 09:00,2063.6753972666293
27-07-2018 10:00,2329.4509341215335
27-07-2018 11:00,2688.24975702041
27-07-2018 12:00,3205.5824370752853
27-07-2018 13:00,3248.4470744457462
27-07-2018 14:00,3079.0214841953275
27-07-2018 15:00,2734.823004867591
27-07-2018 16:00,2229.466302830562
27-07-2018 17:00,1551.7639418288863
27-07-2018 18:00,663.4839673467428
27-07-2018 19:00,375.2103483307402
27-07-2018 20:00,71.12893116978174
27-07-2018 21:00,0.0
27-07-2018 22:00,0.0
26-07-2018 23:00,0.0
27-07-2018 00:00,0.0
27-07-2018 01:00,0.0
27-07-2018 02:00,0.0
27-07-2018 03:00,0.0
27-07-2018 04:00,0.0
27-07-2018 05:00,27.15540694581655
27-07-2018 06:00,205.47673395434782
27-07-2018 07:00,767.7193315761475
27-07-2018 08:00,1319.9449846212917
27-07-2018 09:00,2063.6753972666293
27-07-2018 10:00,2329.4509341215335
27-07-2018 11:00,2688.24975702041
27-07-2018 12:00,3205.5824370752853
27-07-2018 13:00,3248.4470744457462
27-07-2018 14:00,3079.0214841953275
27-07-2018 15:00,2734.823004867591
27-07-2018 16:00,2229.466302830562
27-07-2018 17:00,1551.7639418288863
27-07-2018 18:00,663.4839673467428
27-07-2018 19:00,375.2103483307402
27-07-2018 20:00,71.12893116978174
27-07-2018 21:00,0.0
27-07-2018 22:00,0.0
27-07-2018 23:00,0.0
28-07-2018 00:00,0.0
28-07-2018 01:00,0.0
28-07-2018 02:00,0.0
28-07-2018 03:00,0.0
28-07-2018 04:00,0.0
28-07-2018 05:00,44.799028881573946
28-07-2018 06:00,148.4799496842265
28-07-2018 07:00,402.8216309829974
28-07-2018 08:00,363.45614768359457
28-07-2018 09:00,567.8732786445938
28-07-2018 10:00,1458.4326316589406
28-07-2018 11:00,1630.2361681618743
28-07-2018 12:00,1525.2245831350165
28-07-2018 13:00,2269.5217601721456
28-07-2018 14:00,2853.9174529339534
28-07-2018 15:00,2834.9554877390296
28-07-2018 16:00,2284.8613616456214
28-07-2018 17:00,1664.8334379912087
28-07-2018 18:00,1019.214869950924
28-07-2018 19:00,423.84119733942345
28-07-2018 20:00,66.71802568584239
28-07-2018 21:00,0.0
28-07-2018 22:00,0.0
28-07-2018 23:00,0.0
29-07-2018 00:00,0.0
29-07-2018 01:00,0.0
29-07-2018 02:00,0.0
29-07-2018 03:00,0.0
29-07-2018 04:00,0.0
29-07-2018 05:00,26.354544218285664
29-07-2018 06:00,197.19704544818234
29-07-2018 07:00,706.0652225213082
29-07-2018 08:00,1255.4693745725358
29-07-2018 09:00,1882.0274096975852
29-07-2018 10:00,2739.0121329808294
29-07-2018 11:00,2424.014340795373
29-07-2018 12:00,1536.251846844865
29-07-2018 13:00,714.27098523724
29-07-2018 14:00,658.5555813311681
29-07-2018 15:00,1248.9885469620551
29-07-2018 16:00,693.5594430067874
29-07-2018 17:00,647.491354726203
29-07-2018 18:00,453.5100811531831
29-07-2018 19:00,250.07862739529878
29-07-2018 20:00,12.111508633274804
29-07-2018 21:00,0.0
29-07-2018 22:00,0.0
29-07-2018 23:00,0.0
30-07-2018 00:00,0.0
30-07-2018 01:00,0.0
30-07-2018 02:00,0.0
30-07-2018 03:00,0.0
30-07-2018 04:00,0.0
30-07-2018 05:00,17.61898000567952
30-07-2018 06:00,161.65106131084988
30-07-2018 07:00,430.88878934169526
30-07-2018 08:00,727.1094308078121
30-07-2018 09:00,1333.2516268633433
30-07-2018 10:00,1624.9381531951315
30-07-2018 11:00,1910.9693565740477
30-07-2018 12:00,1674.5423584418909
30-07-2018 13:00,2427.0699401250295
30-07-2018 14:00,1840.02523987985
30-07-2018 15:00,1626.9587914615172
30-07-2018 16:00,476.8213470068514
30-07-2018 17:00,695.3336619723942
30-07-2018 18:00,678.9837413657252
30-07-2018 19:00,424.6297391019154
30-07-2018 20:00,12.776840745377388
30-07-2018 21:00,0.0
30-07-2018 22:00,0.0
30-07-2018 23:00,0.0
31-07-2018 00:00,0.0
31-07-2018 01:00,0.0
31-07-2018 02:00,0.0
31-07-2018 03:00,0.0
31-07-2018 04:00,0.0
31-07-2018 05:00,30.223327240511797
31-07-2018 06:00,182.0915423104459
31-07-2018 07:00,421.4755720519476
31-07-2018 08:00,604.7745689362093
31-07-2018 09:00,954.0492858599877
31-07-2018 10:00,1831.055577331504
31-07-2018 11:00,1483.6906099887608
31-07-2018 12:00,3352.2512048987883
31-07-2018 13:00,3262.8009987161076
31-07-2018 14:00,3303.016628603197
31-07-2018 15:00,2812.112418556841
31-07-2018 16:00,2160.974058179113
31-07-2018 17:00,1594.6901840245418
31-07-2018 18:00,979.8001027913655
31-07-2018 19:00,329.31475356070086
31-07-2018 20:00,42.22394718843617
31-07-2018 21:00,0.0
31-07-2018 22:00,0.0
31-07-2018 23:00,0.0
01-08-2018 00:00,0.0
01-08-2018 01:00,0.0
01-08-2018 02:00,0.0
01-08-2018 03:00,0.0
01-08-2018 04:00,0.0
01-08-2018 05:00,40.30187664236204
01-08-2018 06:00,324.3001207898536
01-08-2018 07:00,769.986389143312
01-08-2018 08:00,1290.1775330872206
01-08-2018 09:00,1809.6540610588709
01-08-2018 10:00,2462.2832582063106
01-08-2018 11:00,2888.613290483599
01-08-2018 12:00,2898.420778654593
01-08-2018 13:00,3234.549025881826
01-08-2018 14:00,2981.5996136324547
01-08-2018 15:00,2422.400294375272
01-08-2018 16:00,1933.8493886513531
01-08-2018 17:00,1264.8086660720498
01-08-2018 18:00,924.195587570644
01-08-2018 19:00,325.79095755956496
01-08-2018 20:00,19.5903344119094
01-08-2018 21:00,0.0
01-08-2018 22:00,0.0
31-07-2018 23:00,0.0
01-08-2018 00:00,0.0
01-08-2018 01:00,0.0
01-08-2018 02:00,0.0
01-08-2018 03:00,0.0
01-08-2018 04:00,0.0
01-08-2018 05:00,40.30187664236204
01-08-2018 06:00,324.3001207898536
01-08-2018 07:00,769.986389143312
01-08-2018 08:00,1290.1775330872206
01-08-2018 09:00,1809.6540610588709
01-08-2018 10:00,2462.2832582063106
01-08-2018 11:00,2888.613290483599
01-08-2018 12:00,2898.420778654593
01-08-2018 13:00,3234.549025881826
01-08-2018 14:00,2981.5996136324547
01-08-2018 15:00,2422.400294375272
01-08-2018 16:00,1933.8493886513531
01-08-2018 17:00,1264.8086660720498
01-08-2018 18:00,924.195587570644
01-08-2018 19:00,325.79095755956496
01-08-2018 20:00,19.5903344119094
01-08-2018 21:00,0.0
01-08-2018 22:00,0.0
01-08-2018 23:00,0.0
02-08-2018 00:00,0.0
02-08-2018 01:00,0.0
02-08-2018 02:00,0.0
02-08-2018 03:00,0.0
02-08-2018 04:00,0.0
02-08-2018 05:00,23.939635070654063
02-08-2018 06:00,272.71224017182556
02-08-2018 07:00,830.4330436243355
02-08-2018 08:00,1509.8110558713067
02-08-2018 09:00,2098.1248155154967
02-08-2018 10:00,2625.4497982169496
02-08-2018 11:00,3071.0128569200187
02-08-2018 12:00,3294.7246191319928
02-08-2018 13:00,3288.194507661356
02-08-2018 14:00,3126.1245335391827
02-08-2018 15:00,2750.754012662936
02-08-2018 16:00,2234.0497018250467
02-08-2018 17:00,1608.083073021866
02-08-2018 18:00,958.669647749589
02-08-2018 19:00,385.11640422204533
02-08-2018 20:00,40.42508629275141
02-08-2018 21:00,0.0
02-08-2018 22:00,0.0
02-08-2018 23:00,0.0
03-08-2018 00:00,0.0
03-08-2018 01:00,0.0
03-08-2018 02:00,0.0
03-08-2018 03:00,0.0
03-08-2018 04:00,0.0
03-08-2018 05:00,28.461429239943843
03-08-2018 06:00,312.7800184784478
03-08-2018 07:00,863.5148347538806
03-08-2018 08:00,1528.8839097515809
03-08-2018 09:00,2163.2287947812383
03-08-2018 10:00,2715.6269413369273
03-08-2018 11:00,2891.779778498606
03-08-2018 12:00,3258.5256238475968
03-08-2018 13:00,3218.27303106539
03-08-2018 14:00,3027.7785905983897
03-08-2018 15:00,2692.5744157490767
03-08-2018 16:00,2182.8437711232255
03-08-2018 17:00,1597.5116850184584
03-08-2018 18:00,954.3942728810779
03-08-2018 19:00,319.74136372544706
03-08-2018 20:00,0.0
03-08-2018 21:00,0.0
03-08-2018 22:00,0.0
03-08-2018 23:00,0.0
04-08-2018 00:00,0.0
04-08-2018 01:00,0.0
04-08-2018 02:00,0.0
04-08-2018 03:00,0.0
04-08-2018 04:00,0.0
04-08-2018 05:00,22.06684838473568
04-08-2018 06:00,284.9592794205287
04-08-2018 07:00,705.8680870806852
04-08-2018 08:00,1424.2049907807743
04-08-2018 09:00,1929.0688542162457
04-08-2018 10:00,2216.9605233160414
04-08-2018 11:00,2395.4666648001567
04-08-2018 12:00,2734.8969306578247
04-08-2018 13:00,2839.00908523684
04-08-2018 14:00,2568.329804296439
04-08-2018 15:00,1504.919632750849
04-08-2018 16:00,1279.0147387619438
04-08-2018 17:00,1285.6557389179309
04-08-2018 18:00,744.3834237924013
04-08-2018 19:00,232.61981993512543
04-08-2018 20:00,8.945020618268066
04-08-2018 21:00,0.0
04-08-2018 22:00,0.0
04-08-2018 23:00,0.0
05-08-2018 00:00,0.0
05-08-2018 01:00,0.0
05-08-2018 02:00,0.0
05-08-2018 03:00,0.0
05-08-2018 04:00,0.0
05-08-2018 05:00,22.10381127985249
05-08-2018 06:00,315.7740129829094
05-08-2018 07:00,871.5111410641506
05-08-2018 08:00,1570.1098587718632
05-08-2018 09:00,2030.852346402902
05-08-2018 10:00,2659.837611640622
05-08-2018 11:00,3176.3324660728495
05-08-2018 12:00,3225.751856844025
05-08-2018 13:00,3142.363565460501
05-08-2018 14:00,2946.706640642186
05-08-2018 15:00,2544.303922470512
05-08-2018 16:00,2220.8416273033063
05-08-2018 17:00,1651.686968294663
05-08-2018 18:00,959.1132024909907
05-08-2018 19:00,358.57704552817563
05-08-2018 20:00,30.74080777214714
05-08-2018 21:00,0.0
05-08-2018 22:00,0.0
05-08-2018 23:00,0.0
06-08-2018 00:00,0.0
06-08-2018 01:00,0.0
06-08-2018 02:00,0.0
06-08-2018 03:00,0.0
06-08-2018 04:00,0.0
06-08-2018 05:00,23.5823270845249
06-08-2018 06:00,303.5269737342063
06-08-2018 07:00,864.9194247683195
06-08-2018 08:00,1557.0126729354733
06-08-2018 09:00,2196.8773503025745
06-08-2018 10:00,2757.653753084741
06-08-2018 11:00,3119.5204962783123
06-08-2018 12:00,3288.03433511585
06-08-2018 13:00,3291.1022554105452
06-08-2018 14:00,2941.987711032273
06-08-2018 15:00,2551.585612808524
06-08-2018 16:00,2125.4403950068195
06-08-2018 17:00,1585.1907199795216
06-08-2018 18:00,926.1546210118349
06-08-2018 19:00,346.94605453141935
06-08-2018 20:00,20.920998636114565
06-08-2018 21:00,0.0
06-08-2018 22:00,0.0
05-08-2018 23:00,0.0
06-08-2018 00:00,0.0
06-08-2018 01:00,0.0
06-08-2018 02:00,0.0
06-08-2018 03:00,0.0
06-08-2018 04:00,0.0
06-08-2018 05:00,23.5823270845249
06-08-2018 06:00,303.5269737342063
06-08-2018 07:00,864.9194247683195
06-08-2018 08:00,1557.0126729354733
06-08-2018 09:00,2196.8773503025745
06-08-2018 10:00,2757.653753084741
06-08-2018 11:00,3119.5204962783123
06-08-2018 12:00,3288.03433511585
06-08-2018 13:00,3291.1022554105452
06-08-2018 14:00,2941.987711032273
06-08-2018 15:00,2551.585612808524
06-08-2018 16:00,2125.4403950068195
06-08-2018 17:00,1585.1907199795216
06-08-2018 18:00,926.1546210118349
06-08-2018 19:00,346.94605453141935
06-08-2018 20:00,20.920998636114565
06-08-2018 21:00,0.0
06-08-2018 22:00,0.0
06-08-2018 23:00,0.0
07-08-2018 00:00,0.0
07-08-2018 01:00,0.0
07-08-2018 02:00,0.0
07-08-2018 03:00,0.0
07-08-2018 04:00,0.0
07-08-2018 05:00,16.547056047292028
07-08-2018 06:00,215.49367853100338
07-08-2018 07:00,707.075541654501
07-08-2018 08:00,1376.202510989077
07-08-2018 09:00,1957.419394770839
07-08-2018 10:00,2505.788585758796
07-08-2018 11:00,2973.77580083273
07-08-2018 12:00,3167.473692209854
07-08-2018 13:00,3177.3304642410035
07-08-2018 14:00,2987.4767139560277
07-08-2018 15:00,2596.8405173965384
07-08-2018 16:00,1947.6242275648844
07-08-2018 17:00,1011.9578215429904
07-08-2018 18:00,248.2428036044972
07-08-2018 19:00,112.0468560640906
07-08-2018 20:00,34.01818447250431
07-08-2018 21:00,0.0
07-08-2018 22:00,0.0
07-08-2018 23:00,0.0
08-08-2018 00:00,0.0
08-08-2018 01:00,0.0
08-08-2018 02:00,0.0
08-08-2018 03:00,0.0
08-08-2018 04:00,0.0
08-08-2018 05:00,2.722933273605017
08-08-2018 06:00,98.21041232536466
08-08-2018 07:00,408.945150607349
08-08-2018 08:00,627.3096139924246
08-08-2018 09:00,1072.0348470728459
08-08-2018 10:00,1168.7051387683434
08-08-2018 11:00,1049.2780246459297
08-08-2018 12:00,2004.0665684082535
08-08-2018 13:00,2553.37215273917
08-08-2018 14:00,1132.1857983929349
08-08-2018 15:00,551.4001483875354
08-08-2018 16:00,677.468262665936
08-08-2018 17:00,1022.0363709448405
08-08-2018 18:00,792.1518052483591
08-08-2018 19:00,298.37681034793076
08-08-2018 20:00,21.1674179368933
08-08-2018 21:00,0.0
08-08-2018 22:00,0.0
08-08-2018 23:00,0.0
09-08-2018 00:00,0.0
09-08-2018 01:00,0.0
09-08-2018 02:00,0.0
09-08-2018 03:00,0.0
09-08-2018 04:00,0.0
09-08-2018 05:00,21.992922594502062
09-08-2018 06:00,295.65387707432575
09-08-2018 07:00,486.82597061846803
09-08-2018 08:00,738.7527427696073
09-08-2018 09:00,1252.4753800680742
09-08-2018 10:00,1992.5834289919646
09-08-2018 11:00,1136.0176185200442
09-08-2018 12:00,763.4809196027534
09-08-2018 13:00,481.47867179156947
09-08-2018 14:00,240.60380528035643
09-08-2018 15:00,178.69095595969938
09-08-2018 16:00,125.5629547118042
09-08-2018 17:00,147.8392595022018
09-08-2018 18:00,128.98818299262862
09-08-2018 19:00,31.098115758276304
09-08-2018 20:00,0.0
09-08-2018 21:00,0.0
09-08-2018 22:00,0.0
09-08-2018 23:00,0.0
10-08-2018 00:00,0.0
10-08-2018 01:00,0.0
10-08-2018 02:00,0.0
10-08-2018 03:00,0.0
10-08-2018 04:00,0.0
10-08-2018 05:00,11.71723775202883
10-08-2018 06:00,205.55065974458145
10-08-2018 07:00,587.7593162174377
10-08-2018 08:00,942.9357753948668
10-08-2018 09:00,1339.941910879486
10-08-2018 10:00,1286.210182344683
10-08-2018 11:00,2157.869174989301
10-08-2018 12:00,1543.656746833266
10-08-2018 13:00,2363.998920090712
10-08-2018 14:00,2485.434351514473
10-08-2018 15:00,2166.161184460505
10-08-2018 16:00,1248.1507213394075
10-08-2018 17:00,325.81559948964286
10-08-2018 18:00,111.96060930881805
10-08-2018 19:00,3.5114750360969675
10-08-2018 20:00,26.564000623947585
10-08-2018 21:00,0.0
10-08-2018 22:00,0.0
10-08-2018 23:00,0.0
11-08-2018 00:00,0.0
11-08-2018 01:00,0.0
11-08-2018 02:00,0.0
11-08-2018 03:00,0.0
11-08-2018 04:00,0.0
11-08-2018 05:00,3.548437931213778
11-08-2018 06:00,219.4856712036189
11-08-2018 07:00,596.1622143739926
11-08-2018 08:00,807.2942712812123
11-08-2018 09:00,1921.1218317661314
11-08-2018 10:00,2249.5001919838733
11-08-2018 11:00,2733.640192223853
11-08-2018 12:00,2723.0441622903672
11-08-2018 13:00,3067.094790037637
11-08-2018 14:00,2741.229906687838
11-08-2018 15:00,2397.4010563112697
11-08-2018 16:00,2098.679258942249
11-08-2018 17:00,1528.8962307166198
11-08-2018 18:00,817.3851416481015
11-08-2018 19:00,223.32981229576714
11-08-2018 20:00,0.0
11-08-2018 21:00,0.0
11-08-2018 22:00,0.0
10-08-2018 23:00,0.0
11-08-2018 00:00,0.0
11-08-2018 01:00,0.0
11-08-2018 02:00,0.0
11-08-2018 03:00,0.0
11-08-2018 04:00,0.0
11-08-2018 05:00,3.548437931213778
11-08-2018 06:00,219.4856712036189
11-08-2018 07:00,596.1622143739926
11-08-2018 08:00,807.2942712812123
11-08-2018 09:00,1921.1218317661314
11-08-2018 10:00,2249.5001919838733
11-08-2018 11:00,2733.640192223853
11-08-2018 12:00,2723.0441622903672
11-08-2018 13:00,3067.094790037637
11-08-2018 14:00,2741.229906687838
11-08-2018 15:00,2397.4010563112697
11-08-2018 16:00,2098.679258942249
11-08-2018 17:00,1528.8962307166198
11-08-2018 18:00,817.3851416481015
11-08-2018 19:00,223.32981229576714
11-08-2018 20:00,0.0
11-08-2018 21:00,0.0
11-08-2018 22:00,0.0
11-08-2018 23:00,0.0
12-08-2018 00:00,0.0
12-08-2018 01:00,0.0
12-08-2018 02:00,0.0
12-08-2018 03:00,0.0
12-08-2018 04:00,0.0
12-08-2018 05:00,0.0
12-08-2018 06:00,51.55091772291127
12-08-2018 07:00,260.0832510069154
12-08-2018 08:00,707.6299850812532
12-08-2018 09:00,1325.6249495042416
12-08-2018 10:00,1816.1718515644684
12-08-2018 11:00,1894.3853376316388
12-08-2018 12:00,2329.4509341215335
12-08-2018 13:00,2509.065962459153
12-08-2018 14:00,2763.838877534287
12-08-2018 15:00,1698.7900176385183
12-08-2018 16:00,854.5328512404957
12-08-2018 17:00,333.7010171145624
12-08-2018 18:00,361.58336099767615
12-08-2018 19:00,149.1083189012123
12-08-2018 20:00,10.706918618836017
12-08-2018 21:00,0.0
12-08-2018 22:00,0.0
12-08-2018 23:00,0.0
13-08-2018 00:00,0.0
13-08-2018 01:00,0.0
13-08-2018 02:00,0.0
13-08-2018 03:00,0.0
13-08-2018 04:00,0.0
13-08-2018 05:00,0.0
13-08-2018 06:00,41.1273812999708
13-08-2018 07:00,167.40495198403332
13-08-2018 08:00,746.1206798628915
13-08-2018 09:00,957.7086124765519
13-08-2018 10:00,1018.0197363421472
13-08-2018 11:00,774.3603317321345
13-08-2018 12:00,454.03988264985736
13-08-2018 13:00,654.7976869942925
13-08-2018 14:00,1030.3037384859672
13-08-2018 15:00,1457.8658672671495
13-08-2018 16:00,979.6645721759371
13-08-2018 17:00,960.8504585614808
13-08-2018 18:00,613.5470960439322
13-08-2018 19:00,162.6244175489259
13-08-2018 20:00,0.0
13-08-2018 21:00,0.0
13-08-2018 22:00,0.0
13-08-2018 23:00,0.0
14-08-2018 00:00,0.0
14-08-2018 01:00,0.0
14-08-2018 02:00,0.0
14-08-2018 03:00,0.0
14-08-2018 04:00,0.0
14-08-2018 05:00,2.8215009939165108
14-08-2018 06:00,155.93413353278325
14-08-2018 07:00,536.2330404246043
14-08-2018 08:00,1217.2004571615983
14-08-2018 09:00,1564.5531035393026
14-08-2018 10:00,2200.043838317581
14-08-2018 11:00,2720.3705128769184
14-08-2018 12:00,2944.304052459593
14-08-2018 13:00,3131.7675355270158
14-08-2018 14:00,2758.1342707212593
14-08-2018 15:00,1635.0659864571376
14-08-2018 16:00,872.6077069526159
14-08-2018 17:00,503.37302666576005
14-08-2018 18:00,369.04986581127184
14-08-2018 19:00,174.0705940700981
14-08-2018 20:00,2.1561688818139273
14-08-2018 21:00,0.0
14-08-2018 22:00,0.0
14-08-2018 23:00,0.0
15-08-2018 00:00,0.0
15-08-2018 01:00,0.0
15-08-2018 02:00,0.0
15-08-2018 03:00,0.0
15-08-2018 04:00,0.0
15-08-2018 05:00,3.8441410921482593
15-08-2018 06:00,173.81185380428042
15-08-2018 07:00,654.6128725187084
15-08-2018 08:00,1267.2605381147982
15-08-2018 09:00,1390.556435259438
15-08-2018 10:00,1399.513776842745
15-08-2018 11:00,1927.1714256002494
15-08-2018 12:00,1767.7011751012915
15-08-2018 13:00,1800.9184968462648
15-08-2018 14:00,1413.8060962879117
15-08-2018 15:00,785.4122373720606
15-08-2018 16:00,537.0955079773298
15-08-2018 17:00,559.3594918026886
15-08-2018 18:00,536.8490886765511
15-08-2018 19:00,165.22414117214154
15-08-2018 20:00,3.129525119889929
15-08-2018 21:00,0.0
15-08-2018 22:00,0.0
15-08-2018 23:00,0.0
16-08-2018 00:00,0.0
16-08-2018 01:00,0.0
16-08-2018 02:00,0.0
16-08-2018 03:00,0.0
16-08-2018 04:00,0.0
16-08-2018 05:00,0.0
16-08-2018 06:00,78.91578107438974
16-08-2018 07:00,379.6705376748353
16-08-2018 08:00,646.6165662084385
16-08-2018 09:00,656.2022770087312
16-08-2018 10:00,985.8250546954055
16-08-2018 11:00,626.7674915307114
16-08-2018 12:00,488.8712508149315
16-08-2018 13:00,566.2345902944153
16-08-2018 14:00,605.2674075377668
16-08-2018 15:00,718.1890521196219
16-08-2018 16:00,569.3517944492662
16-08-2018 17:00,298.13039104715205
16-08-2018 18:00,115.15173925390266
16-08-2018 19:00,76.04499622031749
16-08-2018 20:00,8.427540086632723
16-08-2018 21:00,0.0
16-08-2018 22:00,0.0
15-08-2018 23:00,0.0
16-08-2018 00:00,0.0
16-08-2018 01:00,0.0
16-08-2018 02:00,0.0
16-08-2018 03:00,0.0
16-08-2018 04:00,0.0
16-08-2018 05:00,0.0
16-08-2018 06:00,78.91578107438974
16-08-2018 07:00,379.6705376748353
16-08-2018 08:00,646.6165662084385
16-08-2018 09:00,656.2022770087312
16-08-2018 10:00,985.8250546954055
16-08-2018 11:00,626.7674915307114
16-08-2018 12:00,488.8712508149315
16-08-2018 13:00,566.2345902944153
16-08-2018 14:00,605.2674075377668
16-08-2018 15:00,718.1890521196219
16-08-2018 16:00,569.3517944492662
16-08-2018 17:00,298.13039104715205
16-08-2018 18:00,115.15173925390266
16-08-2018 19:00,76.04499622031749
16-08-2018 20:00,8.427540086632723
16-08-2018 21:00,0.0
16-08-2018 22:00,0.0
16-08-2018 23:00,0.0
17-08-2018 00:00,0.0
17-08-2018 01:00,0.0
17-08-2018 02:00,0.0
17-08-2018 03:00,0.0
17-08-2018 04:00,0.0
17-08-2018 05:00,0.0
17-08-2018 06:00,63.1326248595118
17-08-2018 07:00,281.26298990884766
17-08-2018 08:00,1255.9622131740932
17-08-2018 09:00,2097.841433319601
17-08-2018 10:00,2527.793829318337
17-08-2018 11:00,2686.943734726283
17-08-2018 12:00,3301.6120385887584
17-08-2018 13:00,3166.746755272557
17-08-2018 14:00,2941.0759596193916
17-08-2018 15:00,2431.3699569236182
17-08-2018 16:00,2130.4919906727832
17-08-2018 17:00,1493.3132836841705
17-08-2018 18:00,775.4938605157166
17-08-2018 19:00,201.20135908583677
17-08-2018 20:00,0.0
17-08-2018 21:00,0.0
17-08-2018 22:00,0.0
17-08-2018 23:00,0.0
18-08-2018 00:00,0.0
18-08-2018 01:00,0.0
18-08-2018 02:00,0.0
18-08-2018 03:00,0.0
18-08-2018 04:00,0.0
18-08-2018 05:00,3.326660560512917
18-08-2018 06:00,171.1258834257922
18-08-2018 07:00,524.23242047668
18-08-2018 08:00,669.5335611808607
18-08-2018 09:00,1410.9229904688004
18-08-2018 10:00,1407.6456137684434
18-08-2018 11:00,1311.702259010243
18-08-2018 12:00,1505.276940736978
18-08-2018 13:00,1140.2190675983218
18-08-2018 14:00,935.284456105687
18-08-2018 15:00,1537.0527095723958
18-08-2018 16:00,1054.9087056687238
18-08-2018 17:00,554.2955751716855
18-08-2018 18:00,253.98437331264174
18-08-2018 19:00,95.49980001679859
18-08-2018 20:00,2.3040204622811684
18-08-2018 21:00,0.0
18-08-2018 22:00,0.0
18-08-2018 23:00,0.0
19-08-2018 00:00,0.0
19-08-2018 01:00,0.0
19-08-2018 02:00,0.0
19-08-2018 03:00,0.0
19-08-2018 04:00,0.0
19-08-2018 05:00,0.0
19-08-2018 06:00,86.1112246571288
19-08-2018 07:00,271.3692549825814
19-08-2018 08:00,358.8481067590322
19-08-2018 09:00,396.8952467992688
19-08-2018 10:00,439.3902552185616
19-08-2018 11:00,690.1465356910019
19-08-2018 12:00,1294.1448838297583
19-08-2018 13:00,1524.6085348830698
19-08-2018 14:00,1159.3288843737125
19-08-2018 15:00,443.9736542130461
19-08-2018 16:00,308.6894580855208
19-08-2018 17:00,314.65280516436616
19-08-2018 18:00,162.796911059471
19-08-2018 19:00,52.906223877194314
19-08-2018 20:00,0.0
19-08-2018 21:00,0.0
19-08-2018 22:00,0.0
19-08-2018 23:00,0.0
20-08-2018 00:00,0.0
20-08-2018 01:00,0.0
20-08-2018 02:00,0.0
20-08-2018 03:00,0.0
20-08-2018 04:00,0.0
20-08-2018 05:00,0.0
20-08-2018 06:00,51.13200491158742
20-08-2018 07:00,239.716695797553
20-08-2018 08:00,557.3881373964587
20-08-2018 09:00,983.397824582735
20-08-2018 10:00,1227.205080773215
20-08-2018 11:00,1552.4908787661836
20-08-2018 12:00,1937.0651605265157
20-08-2018 13:00,2430.5198103359317
20-08-2018 14:00,2503.632416876982
20-08-2018 15:00,2250.6337207674555
20-08-2018 16:00,1793.464312997708
20-08-2018 17:00,1061.1677559085035
20-08-2018 18:00,529.9863111498634
20-08-2018 19:00,77.09227824862711
20-08-2018 20:00,0.0
20-08-2018 21:00,0.0
20-08-2018 22:00,0.0
20-08-2018 23:00,0.0
21-08-2018 00:00,0.0
21-08-2018 01:00,0.0
21-08-2018 02:00,0.0
21-08-2018 03:00,0.0
21-08-2018 04:00,0.0
21-08-2018 05:00,0.0
21-08-2018 06:00,95.96799668827818
21-08-2018 07:00,555.8233748365137
21-08-2018 08:00,986.896978653793
21-08-2018 09:00,1426.1640242219653
21-08-2018 10:00,1839.3229448726306
21-08-2018 11:00,1645.859151831246
21-08-2018 12:00,1978.4512820923042
21-08-2018 13:00,2610.96034333116
21-08-2018 14:00,2063.231842525228
21-08-2018 15:00,1763.5982937433255
21-08-2018 16:00,1863.5459621391801
21-08-2018 17:00,1284.842555225361
21-08-2018 18:00,608.4955003779683
21-08-2018 19:00,148.14728362817522
21-08-2018 20:00,0.0
21-08-2018 21:00,0.0
21-08-2018 22:00,0.0
20-08-2018 23:00,0.0
21-08-2018 00:00,0.0
21-08-2018 01:00,0.0
21-08-2018 02:00,0.0
21-08-2018 03:00,0.0
21-08-2018 04:00,0.0
21-08-2018 05:00,0.0
21-08-2018 06:00,95.96799668827818
21-08-2018 07:00,555.8233748365137
21-08-2018 08:00,986.896978653793
21-08-2018 09:00,1426.1640242219653
21-08-2018 10:00,1839.3229448726306
21-08-2018 11:00,1645.859151831246
21-08-2018 12:00,1978.4512820923042
21-08-2018 13:00,2610.96034333116
21-08-2018 14:00,2063.231842525228
21-08-2018 15:00,1763.5982937433255
21-08-2018 16:00,1863.5459621391801
21-08-2018 17:00,1284.842555225361
21-08-2018 18:00,608.4955003779683
21-08-2018 19:00,148.14728362817522
21-08-2018 20:00,0.0
21-08-2018 21:00,0.0
21-08-2018 22:00,0.0
21-08-2018 23:00,0.0
22-08-2018 00:00,0.0
22-08-2018 01:00,0.0
22-08-2018 02:00,0.0
22-08-2018 03:00,0.0
22-08-2018 04:00,0.0
22-08-2018 05:00,0.0
22-08-2018 06:00,90.2387479451726
22-08-2018 07:00,415.0317073365837
22-08-2018 08:00,919.3780902404197
22-08-2018 09:00,1685.1507093404152
22-08-2018 10:00,2216.9358813859635
22-08-2018 11:00,2272.3555821311006
22-08-2018 12:00,2532.845424984301
22-08-2018 13:00,2850.1595585970776
22-08-2018 14:00,2554.850668543842
22-08-2018 15:00,2194.3145895744756
22-08-2018 16:00,1714.807272189136
22-08-2018 17:00,863.63804440427
22-08-2018 18:00,351.1598245747357
22-08-2018 19:00,76.24213166094047
22-08-2018 20:00,0.0
22-08-2018 21:00,0.0
22-08-2018 22:00,0.0
22-08-2018 23:00,0.0
23-08-2018 00:00,0.0
23-08-2018 01:00,0.0
23-08-2018 02:00,0.0
23-08-2018 03:00,0.0
23-08-2018 04:00,0.0
23-08-2018 05:00,0.0
23-08-2018 06:00,23.483759364213405
23-08-2018 07:00,114.53569100195583
23-08-2018 08:00,320.1849184668488
23-08-2018 09:00,517.7269509361213
23-08-2018 10:00,879.0762135980577
23-08-2018 11:00,1581.1371224817115
23-08-2018 12:00,1100.040400606349
23-08-2018 13:00,1258.6728254826594
23-08-2018 14:00,1108.2584842873198
23-08-2018 15:00,832.6384963663052
23-08-2018 16:00,434.96702876958335
23-08-2018 17:00,197.06151483275403
23-08-2018 18:00,92.6536570928042
23-08-2018 19:00,3.363623455629727
23-08-2018 20:00,0.0
23-08-2018 21:00,0.0
23-08-2018 22:00,0.0
23-08-2018 23:00,0.0
24-08-2018 00:00,0.0
24-08-2018 01:00,0.0
24-08-2018 02:00,0.0
24-08-2018 03:00,0.0
24-08-2018 04:00,0.0
24-08-2018 05:00,0.0
24-08-2018 06:00,79.7043228368817
24-08-2018 07:00,511.3077281508353
24-08-2018 08:00,1101.6544470264498
24-08-2018 09:00,1739.2520668263865
24-08-2018 10:00,2119.021172221533
24-08-2018 11:00,2346.2320885045656
24-08-2018 12:00,2252.654359033841
24-08-2018 13:00,2494.1452737970008
24-08-2018 14:00,2300.0407905735915
24-08-2018 15:00,1507.3961467236752
24-08-2018 16:00,1233.8830438243187
24-08-2018 17:00,813.3438651153302
24-08-2018 18:00,267.6606445058615
24-08-2018 19:00,19.541050551753653
24-08-2018 20:00,0.0
24-08-2018 21:00,0.0
24-08-2018 22:00,0.0
24-08-2018 23:00,0.0
25-08-2018 00:00,0.0
25-08-2018 01:00,0.0
25-08-2018 02:00,0.0
25-08-2018 03:00,0.0
25-08-2018 04:00,0.0
25-08-2018 05:00,0.0
25-08-2018 06:00,42.61821806968214
25-08-2018 07:00,298.43841517312546
25-08-2018 08:00,1011.6128345219001
25-08-2018 09:00,1416.0238699949202
25-08-2018 10:00,1684.7564384591694
25-08-2018 11:00,1732.9806956215677
25-08-2018 12:00,2405.0523756004495
25-08-2018 13:00,2319.236854104255
25-08-2018 14:00,1717.6780570432084
25-08-2018 15:00,1528.2062566744391
25-08-2018 16:00,643.3022266129644
25-08-2018 17:00,907.0448042364441
25-08-2018 18:00,250.67003371716774
25-08-2018 19:00,132.58590478399813
25-08-2018 20:00,0.0
25-08-2018 21:00,0.0
25-08-2018 22:00,0.0
25-08-2018 23:00,0.0
26-08-2018 00:00,0.0
26-08-2018 01:00,0.0
26-08-2018 02:00,0.0
26-08-2018 03:00,0.0
26-08-2018 04:00,0.0
26-08-2018 05:00,0.0
26-08-2018 06:00,118.71249815015538
26-08-2018 07:00,540.9396490694782
26-08-2018 08:00,1096.0730498638113
26-08-2018 09:00,1710.9754520620268
26-08-2018 10:00,2326.8142476032012
26-08-2018 11:00,2755.066350426564
26-08-2018 12:00,2633.741807688154
26-08-2018 13:00,2300.373456629643
26-08-2018 14:00,1354.3204770799252
26-08-2018 15:00,718.2629779098555
26-08-2018 16:00,673.8582199095275
26-08-2018 17:00,312.90322812883716
26-08-2018 18:00,208.0148527523688
26-08-2018 19:00,22.239341895280795
26-08-2018 20:00,0.0
26-08-2018 21:00,0.0
26-08-2018 22:00,0.0
25-08-2018 23:00,0.0
26-08-2018 00:00,0.0
26-08-2018 01:00,0.0
26-08-2018 02:00,0.0
26-08-2018 03:00,0.0
26-08-2018 04:00,0.0
26-08-2018 05:00,0.0
26-08-2018 06:00,118.71249815015538
26-08-2018 07:00,540.9396490694782
26-08-2018 08:00,1096.0730498638113
26-08-2018 09:00,1710.9754520620268
26-08-2018 10:00,2326.8142476032012
26-08-2018 11:00,2755.066350426564
26-08-2018 12:00,2633.741807688154
26-08-2018 13:00,2300.373456629643
26-08-2018 14:00,1354.3204770799252
26-08-2018 15:00,718.2629779098555
26-08-2018 16:00,673.8582199095275
26-08-2018 17:00,312.90322812883716
26-08-2018 18:00,208.0148527523688
26-08-2018 19:00,22.239341895280795
26-08-2018 20:00,0.0
26-08-2018 21:00,0.0
26-08-2018 22:00,0.0
26-08-2018 23:00,0.0
27-08-2018 00:00,0.0
27-08-2018 01:00,0.0
27-08-2018 02:00,0.0
27-08-2018 03:00,0.0
27-08-2018 04:00,0.0
27-08-2018 05:00,0.0
27-08-2018 06:00,47.15233320401086
27-08-2018 07:00,275.5953459909367
27-08-2018 08:00,672.2934573495826
27-08-2018 09:00,1202.6986813107699
27-08-2018 10:00,1328.9023262045987
27-08-2018 11:00,1530.6334867871099
27-08-2018 12:00,1606.358137916415
27-08-2018 13:00,1211.643701929038
27-08-2018 14:00,1218.8514664768159
27-08-2018 15:00,1448.4649709424407
27-08-2018 16:00,711.1784230124669
27-08-2018 17:00,411.9761080069274
27-08-2018 18:00,177.56974814115614
27-08-2018 19:00,26.835061854804195
27-08-2018 20:00,0.0
27-08-2018 21:00,0.0
27-08-2018 22:00,0.0
27-08-2018 23:00,0.0
28-08-2018 00:00,0.0
28-08-2018 01:00,0.0
28-08-2018 02:00,0.0
28-08-2018 03:00,0.0
28-08-2018 04:00,0.0
28-08-2018 05:00,0.0
28-08-2018 06:00,42.7044648249547
28-08-2018 07:00,253.19583155014976
28-08-2018 08:00,430.9011103067342
28-08-2018 09:00,777.169511761012
28-08-2018 10:00,987.1310769895329
28-08-2018 11:00,1921.8241267733508
28-08-2018 12:00,1266.718415653085
28-08-2018 13:00,1402.8897212634138
28-08-2018 14:00,1615.500293975306
28-08-2018 15:00,1521.5529355534134
28-08-2018 16:00,756.531895320793
28-08-2018 17:00,367.8916950976118
28-08-2018 18:00,304.1553429511921
28-08-2018 19:00,22.11613224489143
28-08-2018 20:00,0.0
28-08-2018 21:00,0.0
28-08-2018 22:00,0.0
28-08-2018 23:00,0.0
29-08-2018 00:00,0.0
29-08-2018 01:00,0.0
29-08-2018 02:00,0.0
29-08-2018 03:00,0.0
29-08-2018 04:00,0.0
29-08-2018 05:00,0.0
29-08-2018 06:00,69.6750572951872
29-08-2018 07:00,450.8857155998896
29-08-2018 08:00,849.0623427632079
29-08-2018 09:00,802.2673175453261
29-08-2018 10:00,886.6659280620428
29-08-2018 11:00,820.6994812435755
29-08-2018 12:00,848.1875542454434
29-08-2018 13:00,380.7671035633007
29-08-2018 14:00,494.3540802572584
29-08-2018 15:00,393.00182184696484
29-08-2018 16:00,292.51203098939686
29-08-2018 17:00,155.49057879138152
29-08-2018 18:00,176.86745313393675
29-08-2018 19:00,22.55968698629315
29-08-2018 20:00,0.0
29-08-2018 21:00,0.0
29-08-2018 22:00,0.0
29-08-2018 23:00,0.0
30-08-2018 00:00,0.0
30-08-2018 01:00,0.0
30-08-2018 02:00,0.0
30-08-2018 03:00,0.0
30-08-2018 04:00,0.0
30-08-2018 05:00,0.0
30-08-2018 06:00,80.99802416597005
30-08-2018 07:00,584.198557321185
30-08-2018 08:00,1145.5417244951423
30-08-2018 09:00,1162.2366321229017
30-08-2018 10:00,2146.5954919786736
30-08-2018 11:00,2381.014172809484
30-08-2018 12:00,2482.79766499614
30-08-2018 13:00,3015.5438723147254
30-08-2018 14:00,2859.7329484323313
30-08-2018 15:00,2222.5912043388353
30-08-2018 16:00,1600.6658520684261
30-08-2018 17:00,1125.138206390663
30-08-2018 18:00,347.5004979581715
30-08-2018 19:00,28.23965186924298
30-08-2018 20:00,0.0
30-08-2018 21:00,0.0
30-08-2018 22:00,0.0
30-08-2018 23:00,0.0
31-08-2018 00:00,0.0
31-08-2018 01:00,0.0
31-08-2018 02:00,0.0
31-08-2018 03:00,0.0
31-08-2018 04:00,0.0
31-08-2018 05:00,0.0
31-08-2018 06:00,47.6698137356462
31-08-2018 07:00,248.83420992636616
31-08-2018 08:00,433.4145871746773
31-08-2018 09:00,699.473506225477
31-08-2018 10:00,1430.3654733002427
31-08-2018 11:00,1624.3960307334182
31-08-2018 12:00,1665.1291411521431
31-08-2018 13:00,1624.432993628535
31-08-2018 14:00,2322.575835629807
31-08-2018 15:00,2074.0003659692584
31-08-2018 16:00,1187.7533507185397
31-08-2018 17:00,982.9542698413333
31-08-2018 18:00,478.5339611472636
31-08-2018 19:00,78.00402966150843
31-08-2018 20:00,0.0
31-08-2018 21:00,0.0
31-08-2018 22:00,0.0
